path	duration_s	channels	sample_rate	in_playlists
sounds/ambient/ambient_arena/arena_ambient.m4a	86.315	2	48000	ambient_arena
sounds/ambient/ambient_foundry/BASE_bubbles_SPA.m4a	15.372	1	44100	ambient_foundr,ambient_foundry
sounds/ambient/ambient_foundry/RANDOM_Foundry_AirValve_SPA.m4a	0.859	1	44100	ambient_foundry
sounds/ambient/ambient_foundry/RANDOM_Foundry_Cans_a_SPA.m4a	5.108	1	44100	ambient_foundry
sounds/ambient/ambient_foundry/RANDOM_Foundry_Cans_b_SPA.m4a	3.692	1	44100	ambient_foundry
sounds/ambient/ambient_foundry/RANDOM_Foundry_Conveyor_a_SPA.m4a	7.523	1	44100	ambient_foundry
sounds/ambient/ambient_foundry/RANDOM_Foundry_Fan_a_SPA.m4a	4.807	1	44100	ambient_foundry
sounds/ambient/ambient_foundry/RANDOM_Foundry_GlassFootsteps_SPA.m4a	3.111	1	44100	ambient_foundry
sounds/ambient/ambient_foundry/RANDOM_Foundry_Machine_a_SPA.m4a	5.155	1	44100	ambient_foundry
sounds/ambient/ambient_foundry/RANDOM_Foundry_Machine_c_SPA.m4a	3.646	1	44100	ambient_foundry
sounds/ambient/ambient_foundry/RANDOM_Foundry_MetalFalling_SPA.m4a	2.368	1	44100	ambient_foundry
sounds/ambient/ambient_foundry/foundry_ambient.m4a	45.070	2	44100	ambient_foundr,ambient_foundry
sounds/ambient/ambient_ghosttown/BASE_City_Fire_SPA.m4a	20.062	1	44100	ambient_ghosttown
sounds/ambient/ambient_ghosttown/RANDOM_City_DistantExplosion_SPA.m4a	4.783	1	44100	ambient_ghosttown
sounds/ambient/ambient_ghosttown/RANDOM_City_Dogs_a_SPA.m4a	6.316	1	44100	ambient_ghosttown
sounds/ambient/ambient_ghosttown/RANDOM_City_SewerWater_b_SPA.m4a	7.570	1	44100	ambient_ghosttown
sounds/ambient/ambient_ghosttown/RANDOM_City_Siren_SPA.m4a	11.564	1	44100	ambient_ghosttown
sounds/ambient/ambient_ghosttown/ghosttown_ambient.m4a	45.227	2	48000	ambient_ghosttown
sounds/ambient/ambient_roman/BASE_amphitheatre_pyre_SPA.m4a	20.062	1	44100	ambient_roman
sounds/ambient/ambient_roman/RANDOM_amphitheatre_crumbling_a_SPA.m4a	4.923	1	44100	ambient_roman
sounds/ambient/ambient_roman/RANDOM_amphitheatre_crumbling_b_SPA.m4a	4.667	1	44100	ambient_roman
sounds/ambient/ambient_roman/RANDOM_amphitheatre_crumbling_c_SPA.m4a	4.040	1	44100	ambient_roman
sounds/ambient/ambient_roman/RANDOM_amphitheatre_dustydebris_a_SPA.m4a	5.457	1	44100	ambient_roman
sounds/ambient/ambient_roman/RANDOM_amphitheatre_dustydebris_b_SPA.m4a	5.457	1	44100	ambient_roman
sounds/ambient/ambient_roman/RANDOM_amphitheatre_dustydebris_d_SPA.m4a	4.551	1	44100	ambient_roman
sounds/ambient/ambient_roman/RANDOM_amphitheatre_flag_SPA.m4a	3.553	1	44100	ambient_roman
sounds/ambient/ambient_roman/RANDOM_amphitheatre_gust_SPA.m4a	6.339	1	44100	ambient_roman
sounds/ambient/ambient_roman/RANDOM_amphitheatre_rock_SPA.m4a	3.878	1	44100	ambient_roman
sounds/ambient/ambient_roman/ambient_amphitheatre.m4a	44.931	2	44100	ambient_roman
sounds/ambient/ambient_ruins/BASE_Ruins_Waterfall_SPA.m4a	13.189	1	44100	ambient_ruins
sounds/ambient/ambient_ruins/RANDOM_Ruins_DistantHowl_SPA.m4a	10.774	1	44100	ambient_ruins
sounds/ambient/ambient_ruins/RANDOM_Ruins_DustyEarthDebris_SPA.m4a	4.226	1	44100	ambient_ruins
sounds/ambient/ambient_ruins/RANDOM_Ruins_Frogs_SPA.m4a	5.759	1	44100	ambient_ruins
sounds/ambient/ambient_ruins/RANDOM_Ruins_GustOfWind_SPA.m4a	4.063	1	44100	ambient_ruins
sounds/ambient/ambient_ruins/RANDOM_Ruins_Insect_a_SPA.m4a	5.317	1	44100	ambient_ruins
sounds/ambient/ambient_ruins/RANDOM_Ruins_Insect_b_SPA.m4a	4.621	1	44100	ambient_ruins
sounds/ambient/ambient_ruins/RANDOM_Ruins_Insect_c_SPA.m4a	5.062	1	44100	ambient_ruins
sounds/ambient/ambient_ruins/RANDOM_Ruins_Monkeys_a_SPA.m4a	5.457	1	44100	ambient_ruins
sounds/ambient/ambient_ruins/RANDOM_Ruins_Monkeys_b_SPA.m4a	4.203	1	44100	ambient_ruins
sounds/ambient/ambient_ruins/ruins_ambient.m4a	45.465	2	44100	ambient_ruins
sounds/ambient/ambient_storm/storm_ambient.m4a	14.512	1	44100	ambient_storm
sounds/ambient/ambient_storm/thunder_high_a.m4a	5.132	2	44100	ambient_storm
sounds/ambient/ambient_storm/thunder_high_b.m4a	6.548	2	44100	ambient_storm
sounds/ambient/ambient_storm/thunder_high_c.m4a	7.454	2	44100	ambient_storm
sounds/ambient/ambient_storm/thunder_high_d.m4a	7.848	2	44100	ambient_storm
sounds/ambient/ambient_storm/thunder_high_e.m4a	4.180	2	44100	ambient_storm
sounds/ambient/ambient_storm/thunder_low_a.m4a	5.062	2	44100	ambient_storm
sounds/ambient/ambient_storm/thunder_low_b.m4a	6.548	2	44100	ambient_storm
sounds/ambient/ambient_storm/thunder_low_c.m4a	7.454	2	44100	ambient_storm
sounds/ambient/enemiesAmbiant/Chainsaw_ambiant.m4a	20.949	2	48000	enemiesAmbiant
sounds/ambient/enemiesAmbiant/Dodger_ambiant.m4a	21.909	2	48000	enemiesAmbiant
sounds/ambient/enemiesAmbiant/Horde_ambiant.m4a	10.890	2	44100	enemiesAmbiant
sounds/ambient/enemiesAmbiant/Hulk_ambiant.m4a	22.955	2	48000	enemiesAmbiant
sounds/ambient/enemiesAmbiant/Silence_ambiant.m4a	2.554	2	44100	enemiesAmbiant
sounds/ambient/enemiesAmbiant/Whisperer_ambiant.m4a	16.448	2	48000	enemiesAmbiant
sounds/announcer/announcer_outofammo_c.m4a	0.952	2	44100	announcer
sounds/announcer/announcer_reload_b.m4a	1.138	2	44100	announcer
sounds/announcer/announcer_reload_g.m4a	0.906	2	44100	announcer
sounds/announcer/announcer_revive_a.m4a	1.602	2	44100	announcer
sounds/announcer/announcer_revive_b.m4a	1.556	2	44100	announcer
sounds/announcer/announcer_reviveyes.m4a	1.741	2	44100	announcer
sounds/announcer/fireworks_announce_b.m4a	1.486	2	44100	announcer
sounds/announcer/minigun_announce_c.m4a	1.091	2	44100	announcer
sounds/announcer/tesla_announce_a.m4a	1.324	2	44100	announcer
sounds/announcer/tornado_announce_a.m4a	0.998	2	44100	announcer
sounds/challenges/maya_10_brick_1/bastard_zombie_shield_a.m4a	26.633	2	44100	maya_10_brick_1
sounds/challenges/maya_10_brick_2/bastard_maya_10_2.m4a	6.014	2	44100	maya_10_brick_2
sounds/challenges/maya_10_brick_3/bastard_maya_10_3.m4a	12.028	2	44100	maya_10_brick_3
sounds/challenges/maya_10_brick_4/bastard_maya_10_4.m4a	41.053	2	44100	maya_10_brick_4
sounds/challenges/maya_1_brick_1/bastard_ruins_intro.m4a	41.564	2	44100	maya_1_brick_1
sounds/challenges/maya_1_brick_3/bastard_maya_1_1.m4a	8.777	2	44100	maya_1_brick_3
sounds/challenges/maya_2_brick_1/bastard_passerby_storm_a.m4a	11.564	2	44100	maya_2_brick_1
sounds/challenges/maya_2_brick_3/bastard_maya_2_2.m4a	10.519	2	44100	maya_2_brick_3
sounds/challenges/maya_3_brick_1/bastard_zombie_horde_c.m4a	7.314	2	44100	maya_3_brick_1
sounds/challenges/maya_3_brick_3/bastard_maya_3_1.m4a	7.779	2	44100	maya_3_brick_3
sounds/challenges/maya_3_brick_5/bastard_maya_3_2.m4a	6.757	2	44100	maya_3_brick_5
sounds/challenges/maya_4_brick_1/bastard_passerby_cows_a.m4a	12.446	2	44100	maya_4_brick_1
sounds/challenges/maya_4_brick_3/bastard_maya_4_2.m4a	7.384	2	44100	maya_4_brick_3
sounds/challenges/maya_5_brick_1/bastard_zombie_whisperer_a.m4a	23.382	2	44100	maya_5_brick_1
sounds/challenges/maya_5_brick_2/bastard_maya_5_2.m4a	10.403	2	44100	maya_5_brick_2
sounds/challenges/maya_5_brick_4/bastard_maya_5_3.m4a	17.694	2	44100	maya_5_brick_4
sounds/challenges/maya_5_brick_5/bastard_maya_5_4.m4a	17.276	2	44100	maya_5_brick_5
sounds/challenges/maya_6_brick_1/bastard_maya_6_1.m4a	17.763	2	44100	maya_6_brick_1
sounds/challenges/maya_6_brick_3/bastard_maya_6_2.m4a	7.523	2	44100	maya_6_brick_3
sounds/challenges/maya_6_brick_4/bastard_maya_6_3.m4a	8.522	2	44100	maya_6_brick_4
sounds/challenges/maya_7_brick_1/bastard_maya_7_1.m4a	21.548	2	44100	maya_7_brick_1
sounds/challenges/maya_7_brick_4/bastard_maya_7_2.m4a	9.520	2	44100	maya_7_brick_4
sounds/challenges/maya_8_brick_1/bastard_zombie_berserk_a.m4a	29.884	2	44100	maya_8_brick_1
sounds/challenges/maya_8_brick_2/bastard_maya_8_2.m4a	10.565	2	44100	maya_8_brick_2
sounds/challenges/maya_8_brick_3/bastard_maya_8_3.m4a	9.056	2	44100	maya_8_brick_3
sounds/challenges/maya_8_brick_4/bastard_maya_8_4.m4a	20.271	2	44100	maya_8_brick_4
sounds/challenges/maya_9_brick_1/bastard_maya_9_1.m4a	20.643	2	44100	maya_9_brick_1
sounds/challenges/maya_9_brick_3/bastard_maya_9_2.m4a	9.311	2	44100	maya_9_brick_3
sounds/challenges/tutorial_10_brick_1/bastard_tutorial_10_1.m4a	32.067	2	44100	tutorial_10_brick_1
sounds/challenges/tutorial_10_brick_2/bastard_tutorial_10_2.m4a	5.503	2	44100	tutorial_10_brick_2
sounds/challenges/tutorial_10_brick_4/bastard_tutorial_10_3.m4a	16.811	2	44100	tutorial_10_brick_4
sounds/challenges/tutorial_10_brick_5/bastard_tutorial_10_4.m4a	37.059	2	44100	tutorial_10_brick_5
sounds/challenges/tutorial_1_brick_1/announcer_tutorial_aim_gyroMode.m4a	3.019	2	44100	tutorial_1_brick_1
sounds/challenges/tutorial_1_brick_1/announcer_tutorial_aim_swipeMode.m4a	4.087	2	44100	tutorial_1_brick_1
sounds/challenges/tutorial_1_brick_1/announcer_tutorial_aim_tiltMode.m4a	4.249	2	44100	tutorial_1_brick_1
sounds/challenges/tutorial_1_brick_1/announcer_tutorial_aimhelp.m4a	6.548	2	44100	tutorial_1_brick_1
sounds/challenges/tutorial_1_brick_1/announcer_tutorial_aimprompt.m4a	5.062	2	44100	tutorial_1_brick_1
sounds/challenges/tutorial_1_brick_1/announcer_tutorial_shoot_buttonMode.m4a	8.800	2	44100	tutorial_1_brick_1
sounds/challenges/tutorial_1_brick_1/announcer_tutorial_shoot_gestureMode.m4a	8.313	2	44100	tutorial_1_brick_1
sounds/challenges/tutorial_1_brick_1/bastard_tutorial_1_1.m4a	53.986	2	44100	tutorial_1_brick_1
sounds/challenges/tutorial_1_brick_1/bastard_tutorial_1_2.m4a	29.396	2	44100	tutorial_1_brick_1
sounds/challenges/tutorial_1_brick_1/tutorial_1_bird_1_SPA.m4a	11.587	2	44100	tutorial_1_brick_1
sounds/challenges/tutorial_1_brick_1/tutorial_1_bird_2_SPA.m4a	8.011	1	44100	tutorial_1_brick_1
sounds/challenges/tutorial_1_brick_1/tutorial_1_dog_SPA.m4a	15.209	2	44100	tutorial_1_brick_1
sounds/challenges/tutorial_1_brick_1/tutorial_fireball.m4a	6.223	2	44100	tutorial_1_brick_1
sounds/challenges/tutorial_1_brick_2/announcer_tutorial_reload_buttonMode.m4a	4.226	2	44100	tutorial_1_brick_2
sounds/challenges/tutorial_1_brick_2/announcer_tutorial_reload_gestureMode.m4a	4.319	2	44100	tutorial_1_brick_2
sounds/challenges/tutorial_1_brick_2/bastard_tutorial_1_4.m4a	27.283	2	44100	tutorial_1_brick_2
sounds/challenges/tutorial_1_brick_2/bastard_tutorial_1_5.m4a	15.790	2	44100	tutorial_1_brick_2
sounds/challenges/tutorial_1_brick_2/bastard_tutorial_1_6.m4a	33.692	2	44100	tutorial_1_brick_2
sounds/challenges/tutorial_1_brick_2/tutorial_1_cracker_SPA.m4a	2.879	1	44100	tutorial_1_brick_2
sounds/challenges/tutorial_1_brick_2/tutorial_1_lion_SPA.m4a	4.714	1	44100	tutorial_1_brick_2
sounds/challenges/tutorial_1_brick_2/tutorial_1_tiger_SPA.m4a	3.994	1	44100	tutorial_1_brick_2
sounds/challenges/tutorial_2_brick_1/announcer_tutorial_changeControl.m4a	7.059	2	44100	tutorial_2_brick_1
sounds/challenges/tutorial_2_brick_1/announcer_tutorial_switch_buttonMode.m4a	4.714	2	44100	tutorial_2_1,tutorial_2_brick_1
sounds/challenges/tutorial_2_brick_1/announcer_tutorial_switch_gestureMode.m4a	4.319	2	44100	tutorial_2_1,tutorial_2_brick_1
sounds/challenges/tutorial_2_brick_1/bastard_tutorial_2_1.m4a	13.816	2	44100	tutorial_2_1,tutorial_2_brick_1
sounds/challenges/tutorial_2_brick_1/bastard_tutorial_2_2.m4a	27.028	2	44100	tutorial_2_1,tutorial_2_brick_1
sounds/challenges/tutorial_2_brick_1/silence.m4a	0.557	2	44100	tutorial_2_brick_1
sounds/challenges/tutorial_2_brick_1/tutorial_elephant_SPA.m4a	4.110	1	44100	tutorial_2_brick_1
sounds/challenges/tutorial_2_brick_2/bastard_tutorial_2_3.m4a	19.319	2	44100	tutorial_2_brick_2
sounds/challenges/tutorial_2_brick_3/bastard_tutorial_2_4.m4a	10.820	2	44100	tutorial_2_brick_3
sounds/challenges/tutorial_3_brick_1/announcer_tutorial_melee_buttonMode.m4a	6.107	2	44100	tutorial_3_brick_1
sounds/challenges/tutorial_3_brick_1/announcer_tutorial_melee_gestureMode.m4a	4.853	2	44100	tutorial_3_brick_1
sounds/challenges/tutorial_3_brick_1/announcer_tutorial_skip.m4a	4.342	2	44100	tutorial_3_brick_1
sounds/challenges/tutorial_3_brick_1/bastard_tutorial_3_1.m4a	29.304	2	44100	tutorial_3_brick_1
sounds/challenges/tutorial_3_brick_1/bastard_tutorial_3_2.m4a	28.444	2	44100	tutorial_3_brick_1
sounds/challenges/tutorial_3_brick_1/silence.m4a	0.557	2	44100	tutorial_3_brick_1
sounds/challenges/tutorial_3_brick_2/bastard_tutorial_3_3.m4a	33.553	2	44100	tutorial_3_brick_2
sounds/challenges/tutorial_3_brick_2/bastard_tutorial_3_4.m4a	9.567	2	44100	tutorial_3_brick_2
sounds/challenges/tutorial_4_brick_1/bastard_tutorial_4_1.m4a	32.322	2	44100	tutorial_4_brick_1
sounds/challenges/tutorial_4_brick_3/bastard_tutorial_4_2.m4a	19.551	2	44100	tutorial_4_brick_3
sounds/challenges/tutorial_4_brick_5/bastard_tutorial_4_4.m4a	15.070	2	44100	tutorial_4_brick_5
sounds/challenges/tutorial_5_brick_1/bastard_tutorial_5_1.m4a	26.053	2	44100	tutorial_5_brick_1
sounds/challenges/tutorial_5_brick_2/bastard_tutorial_5_2.m4a	27.051	2	44100	tutorial_5_brick_2
sounds/challenges/tutorial_5_brick_3/bastard_tutorial_5_3.m4a	28.050	2	44100	tutorial_5_brick_3
sounds/challenges/tutorial_5_brick_4/bastard_tutorial_5_4.m4a	41.564	2	44100	tutorial_5_brick_4
sounds/challenges/tutorial_6_brick_1/bastard_tutorial_6_1.m4a	21.804	2	44100	tutorial_6_brick_1
sounds/challenges/tutorial_6_brick_3/bastard_tutorial_6_2.m4a	13.189	2	44100	tutorial_6_brick_3
sounds/challenges/tutorial_6_brick_4/bastard_tutorial_6_3.m4a	25.054	2	44100	tutorial_6_brick_4
sounds/challenges/tutorial_7_brick_1/bastard_tutorial_7_1.m4a	27.051	2	44100	tutorial_7_brick_1
sounds/challenges/tutorial_7_brick_1/bastard_tutorial_7_2.m4a	18.204	2	44100	tutorial_7_brick_1
sounds/challenges/tutorial_7_brick_1/bastard_tutorial_7_3.m4a	18.321	2	44100	tutorial_7_brick_1
sounds/challenges/tutorial_7_brick_4/bastard_tutorial_7_4.m4a	2.647	2	44100	tutorial_7_brick_4
sounds/challenges/tutorial_8_brick_1/bastard_tutorial_8_1.m4a	28.561	2	44100	tutorial_8_brick_1
sounds/challenges/tutorial_8_brick_4/bastard_tutorial_8_2.m4a	12.817	2	44100	tutorial_8_brick_3
sounds/challenges/tutorial_9_brick_1/bastard_tutorial_9_1.m4a	18.553	2	44100	tutorial_9_brick_1
sounds/challenges/tutorial_9_brick_4/bastard_tutorial_9_2.m4a	14.303	2	44100	tutorial_9_brick_4
sounds/challenges/urban_10_brick_1/bastard_urban_10_1.m4a	10.635	2	44100	urban_10_brick_1
sounds/challenges/urban_10_brick_1/bastard_zombie_hulk_a.m4a	17.694	2	44100	urban_10_brick_1
sounds/challenges/urban_10_brick_2/bastard_urban_10_2.m4a	9.404	2	44100	urban_10_brick_2
sounds/challenges/urban_10_brick_4/bastard_city_end.m4a	27.098	2	44100	urban_10_brick_4
sounds/challenges/urban_1_brick_1/bastard_city_intro.m4a	33.808	2	44100	urban_1_brick_1
sounds/challenges/urban_1_brick_2/bastard_urban_1_1.m4a	18.135	2	44100	urban_1_brick_2
sounds/challenges/urban_2_brick_1/bastard_passerby_cars_a.m4a	19.133	2	44100	urban_2_brick_1
sounds/challenges/urban_2_brick_3/bastard_urban_2_1.m4a	10.658	2	44100	urban_2_brick_3
sounds/challenges/urban_3_brick_1/bastard_zombie_clown_a.m4a	32.647	2	44100	urban_3_brick_1
sounds/challenges/urban_3_brick_2/bastard_zombie_clown_b.m4a	4.644	2	44100	urban_3_brick_2
sounds/challenges/urban_3_brick_3/bastard_zombie_clown_c.m4a	3.901	2	44100	urban_3_brick_3
sounds/challenges/urban_3_brick_4/bastard_urban_3_1.m4a	9.404	2	44100	urban_3_brick_4
sounds/challenges/urban_4_brick_1/bastard_urban_4_1.m4a	16.068	2	44100	urban_4_brick_1
sounds/challenges/urban_4_brick_2/bastard_urban_4_2.m4a	10.635	2	44100	urban_4_brick_2
sounds/challenges/urban_5_brick_1/bastard_zombie_runner_a.m4a	14.048	2	44100	urban_5_brick_1
sounds/challenges/urban_5_brick_2/bastard_urban_5_2.m4a	27.632	2	44100	urban_5_brick_2
sounds/challenges/urban_6_brick_1/bastard_urban_6_1.m4a	15.557	2	44100	urban_6_brick_1
sounds/challenges/urban_6_brick_2/bastard_urban_6_2.m4a	10.890	2	44100	urban_6_brick_2
sounds/challenges/urban_7_brick_1/bastard_passerby_jukebox_a.m4a	12.817	2	44100	urban_7_brick_1
sounds/challenges/urban_7_brick_4/bastard_urban_7_2.m4a	14.652	2	44100	urban_7_brick_4
sounds/challenges/urban_8_brick_1/bastard_zombie_horde_b.m4a	8.777	2	44100	urban_8_brick_1
sounds/challenges/urban_8_brick_3/bastard_urban_8_1.m4a	14.884	2	44100	urban_8_brick_3
sounds/challenges/urban_8_brick_5/bastard_urban_8_2.m4a	22.802	2	44100	urban_8_brick_5
sounds/challenges/urban_9_brick_1/bastard_urban_9_1.m4a	15.650	2	44100	urban_9_brick_1
sounds/challenges/urban_9_brick_2/bastard_urban_9_2.m4a	12.144	2	44100	urban_9_brick_2
sounds/encyclopedia/Berserk.m4a	1.741	1	44100	encyclopedia
sounds/encyclopedia/Chainsaw.m4a	4.644	1	44100	encyclopedia
sounds/encyclopedia/Clown.m4a	2.647	1	44100	encyclopedia
sounds/encyclopedia/Colossus.m4a	3.460	1	44100	encyclopedia
sounds/encyclopedia/Diamond.m4a	3.947	1	44100	encyclopedia
sounds/encyclopedia/Dodge.m4a	3.599	1	44100	encyclopedia
sounds/encyclopedia/Farty.m4a	2.133	1	48000	encyclopedia
sounds/encyclopedia/Hulk.m4a	3.715	1	44100	encyclopedia
sounds/encyclopedia/QuietZombie.m4a	6.153	1	44100	encyclopedia
sounds/encyclopedia/Runner.m4a	1.920	1	48000	encyclopedia
sounds/encyclopedia/Shield.m4a	4.296	1	44100	encyclopedia
sounds/encyclopedia/WeakZombieB.m4a	2.647	1	44100	encyclopedia
sounds/encyclopedia/Zombie.m4a	1.707	1	48000	encyclopedia
sounds/encyclopedia/locked_Berserk.m4a	2.554	1	44100	encyclopedia
sounds/encyclopedia/locked_Colossus.m4a	3.529	1	44100	encyclopedia
sounds/encyclopedia/locked_Dodge.m4a	3.669	1	44100	encyclopedia
sounds/encyclopedia/locked_Farty.m4a	2.229	1	44100	encyclopedia
sounds/encyclopedia/locked_QuietZombie.m4a	10.170	1	44100	encyclopedia
sounds/encyclopedia/locked_Shield.m4a	4.365	1	44100	encyclopedia
sounds/enemies/Berserk/Berserk_aggressive_SPA.m4a	4.230	1	44100	
sounds/enemies/Berserk/Berserk_aggressive_a_SPA.m4a	4.365	1	44100	Berserk
sounds/enemies/Berserk/Berserk_aggressive_b_SPA.m4a	3.200	1	44100	Berserk
sounds/enemies/Berserk/Berserk_approach_a_SPA.m4a	3.937	1	44100	Berserk
sounds/enemies/Berserk/Berserk_approach_b_SPA.m4a	8.249	1	44100	Berserk
sounds/enemies/Berserk/Berserk_approach_c_SPA.m4a	7.326	1	44100	Berserk
sounds/enemies/Berserk/Berserk_attack.m4a	6.525	2	44100	Berserk
sounds/enemies/Berserk/Berserk_death_a_SPA.m4a	2.183	1	44100	Berserk
sounds/enemies/Berserk/Berserk_death_b_SPA.m4a	3.320	1	44100	Berserk
sounds/enemies/Berserk/Berserk_death_crit_SPA.m4a	2.833	1	44100	Berserk
sounds/enemies/Berserk/Berserk_hit_a_SPA.m4a	0.534	1	44100	Berserk
sounds/enemies/Berserk/Berserk_hit_b_SPA.m4a	0.511	1	44100	Berserk
sounds/enemies/Berserk/Berserk_hit_c_SPA.m4a	0.534	1	44100	Berserk
sounds/enemies/Berserk/Berserk_hit_d_SPA.m4a	0.534	1	44100	Berserk
sounds/enemies/Berserk/Berserk_hit_e_SPA.m4a	0.441	1	44100	Berserk
sounds/enemies/Berserk/Berserk_spawn_SPA.m4a	1.671	1	44100	Berserk
sounds/enemies/Berserk/Berserk_transition_SPA.m4a	3.855	1	44100	Berserk
sounds/enemies/Bob/Bob_aggressive_a_SPA.m4a	1.493	1	44100	Bob
sounds/enemies/Bob/Bob_aggressive_b_SPA.m4a	1.493	1	44100	Bob
sounds/enemies/Bob/Bob_approach_a_SPA.m4a	2.410	1	44100	Bob
sounds/enemies/Bob/Bob_approach_b_SPA.m4a	1.954	1	44100	Bob
sounds/enemies/Bob/Bob_approach_c_SPA.m4a	2.367	1	44100	Bob
sounds/enemies/Bob/Bob_attack.m4a	0.163	1	44100	Bob
sounds/enemies/Bob/Bob_death_a_SPA.m4a	3.715	1	44100	Bob
sounds/enemies/Bob/Bob_death_b_SPA.m4a	2.438	1	44100	Bob
sounds/enemies/Bob/Bob_death_crit_SPA.m4a	2.786	1	44100	Bob
sounds/enemies/Bob/Bob_hit_a_SPA.m4a	0.491	1	48000	Bob
sounds/enemies/Bob/Bob_hit_b_SPA.m4a	0.555	1	48000	Bob
sounds/enemies/Bob/Bob_hit_c_SPA.m4a	0.384	1	48000	Bob
sounds/enemies/Bob/Bob_hit_d_SPA.m4a	0.427	1	48000	Bob
sounds/enemies/Bob/Bob_hit_e_SPA.m4a	0.576	1	48000	Bob
sounds/enemies/Bob/Bob_hit_f_SPA.m4a	0.789	1	48000	Bob
sounds/enemies/Bob/Bob_spawn_a_SPA.m4a	2.624	1	44100	Bob
sounds/enemies/Bob/Bob_spawn_b_SPA.m4a	3.081	1	44100	Bob
sounds/enemies/Chainsaw/Chainsaw_aggressive_a_SPA.m4a	4.422	1	44100	Chainsaw
sounds/enemies/Chainsaw/Chainsaw_aggressive_b_SPA.m4a	5.180	1	44100	Chainsaw
sounds/enemies/Chainsaw/Chainsaw_approach_a_SPA.m4a	8.158	1	44100	Chainsaw
sounds/enemies/Chainsaw/Chainsaw_approach_b_SPA.m4a	4.029	1	44100	Chainsaw
sounds/enemies/Chainsaw/Chainsaw_approach_c_SPA.m4a	5.637	1	44100	Chainsaw
sounds/enemies/Chainsaw/Chainsaw_attack.m4a	8.220	2	44100	Chainsaw
sounds/enemies/Chainsaw/Chainsaw_death_a_SPA.m4a	2.879	1	44100	Chainsaw
sounds/enemies/Chainsaw/Chainsaw_death_b_SPA.m4a	2.554	1	44100	Chainsaw
sounds/enemies/Chainsaw/Chainsaw_death_crit_SPA.m4a	4.598	1	44100	Chainsaw
sounds/enemies/Chainsaw/Chainsaw_die_a_SPA.m4a	2.949	1	44100	Chainsaw
sounds/enemies/Chainsaw/Chainsaw_die_b_SPA.m4a	2.972	1	44100	Chainsaw
sounds/enemies/Chainsaw/Chainsaw_diecrit_SPA.m4a	4.760	1	44100	Chainsaw
sounds/enemies/Chainsaw/Chainsaw_hit_a_SPA.m4a	0.488	1	44100	Chainsaw
sounds/enemies/Chainsaw/Chainsaw_hit_b_SPA.m4a	0.813	1	44100	Chainsaw
sounds/enemies/Chainsaw/Chainsaw_hit_c_SPA.m4a	0.557	1	44100	Chainsaw
sounds/enemies/Chainsaw/Chainsaw_hit_d_SPA.m4a	1.207	1	44100	Chainsaw
sounds/enemies/Chainsaw/Chainsaw_hit_e_SPA.m4a	0.627	1	44100	Chainsaw
sounds/enemies/Chainsaw/Chainsaw_spawn_SPA.m4a	4.586	1	44100	Chainsaw
sounds/enemies/Clown/Clown_aggressive_SPA.m4a	11.181	1	44100	Clown
sounds/enemies/Clown/Clown_approach_a_SPA.m4a	10.229	1	44100	Clown
sounds/enemies/Clown/Clown_approach_b_SPA.m4a	9.734	1	44100	Clown
sounds/enemies/Clown/Clown_approach_c_SPA.m4a	5.054	1	44100	Clown
sounds/enemies/Clown/Clown_attack.m4a	6.989	2	44100	Clown
sounds/enemies/Clown/Clown_death_a_SPA.m4a	3.135	1	44100	Clown
sounds/enemies/Clown/Clown_death_b_SPA.m4a	2.926	1	44100	Clown
sounds/enemies/Clown/Clown_death_crit_SPA.m4a	6.432	1	44100	Clown
sounds/enemies/Clown/Clown_hit_a_SPA.m4a	2.113	1	44100	Clown
sounds/enemies/Clown/Clown_hit_b_SPA.m4a	2.694	1	44100	Clown
sounds/enemies/Clown/Clown_hit_c_SPA.m4a	1.950	1	44100	Clown
sounds/enemies/Clown/Clown_hit_d_SPA.m4a	1.718	1	44100	Clown
sounds/enemies/Clown/Clown_hit_e_SPA.m4a	1.765	1	44100	Clown
sounds/enemies/Clown/Clown_spawn_a_SPA.m4a	2.563	1	44100	Clown
sounds/enemies/Clown/Clown_spawn_b_SPA.m4a	2.441	1	44100	Clown
sounds/enemies/Colossus/Colossus_aggressive_SPA.m4a	10.930	1	44100	
sounds/enemies/Colossus/Colossus_aggressive_a_SPA.m4a	11.053	1	44100	Colossus
sounds/enemies/Colossus/Colossus_aggressive_b_SPA.m4a	8.895	1	44100	Colossus
sounds/enemies/Colossus/Colossus_approach_a_SPA.m4a	15.801	1	44100	Colossus
sounds/enemies/Colossus/Colossus_approach_b_SPA.m4a	11.651	1	44100	
sounds/enemies/Colossus/Colossus_approach_c_SPA.m4a	16.315	1	44100	Colossus
sounds/enemies/Colossus/Colossus_attack.m4a	5.526	2	44100	Colossus
sounds/enemies/Colossus/Colossus_death_a_SPA.m4a	5.968	1	44100	Colossus
sounds/enemies/Colossus/Colossus_death_b_SPA.m4a	3.599	1	44100	Colossus
sounds/enemies/Colossus/Colossus_death_crit_SPA.m4a	4.690	1	44100	Colossus
sounds/enemies/Colossus/Colossus_hit_a_SPA.m4a	0.650	1	44100	Colossus
sounds/enemies/Colossus/Colossus_hit_b_SPA.m4a	0.697	1	44100	Colossus
sounds/enemies/Colossus/Colossus_hit_c_SPA.m4a	0.975	1	44100	Colossus
sounds/enemies/Colossus/Colossus_hit_d_SPA.m4a	0.766	1	44100	Colossus
sounds/enemies/Colossus/Colossus_hit_e_SPA.m4a	0.650	1	44100	Colossus
sounds/enemies/Colossus/Colossus_spawn_a_SPA.m4a	3.400	1	44100	Colossus
sounds/enemies/Diamond/Diamond_approach_a_SPA.m4a	5.062	1	44100	Diamond
sounds/enemies/Diamond/Diamond_approach_b_SPA.m4a	5.062	1	44100	Diamond
sounds/enemies/Diamond/Diamond_death_SPA.m4a	3.762	1	44100	Diamond
sounds/enemies/Diamond/Diamond_glow_a_SPA.m4a	5.062	1	44100	Diamond
sounds/enemies/Diamond/Diamond_glow_b_SPA.m4a	5.062	1	44100	Diamond
sounds/enemies/Diamond/Diamond_hit_a_SPA.m4a	1.997	1	44100	Diamond
sounds/enemies/Diamond/Diamond_hit_b_SPA.m4a	1.649	1	44100	Diamond
sounds/enemies/Diamond/Diamond_hit_c_SPA.m4a	2.067	1	44100	Diamond
sounds/enemies/Diamond/Diamond_spawn_a_SPA.m4a	2.577	1	44100	Diamond
sounds/enemies/Dodge/Dodge_aggressive_SPA.m4a	3.352	1	44100	Dodge
sounds/enemies/Dodge/Dodge_approach_a_SPA.m4a	2.969	1	44100	Dodge
sounds/enemies/Dodge/Dodge_approach_b_SPA.m4a	2.848	1	44100	Dodge
sounds/enemies/Dodge/Dodge_approach_c_SPA.m4a	2.736	1	44100	Dodge
sounds/enemies/Dodge/Dodge_attack.m4a	5.596	2	44100	Dodge
sounds/enemies/Dodge/Dodge_death_a_SPA.m4a	2.113	1	44100	Dodge
sounds/enemies/Dodge/Dodge_death_b_SPA.m4a	2.322	1	44100	Dodge
sounds/enemies/Dodge/Dodge_death_crit_SPA.m4a	1.858	1	44100	Dodge
sounds/enemies/Dodge/Dodge_dodge_SPA.m4a	1.022	1	44100	Dodge
sounds/enemies/Dodge/Dodge_hit_a_SPA.m4a	0.813	1	44100	Dodge
sounds/enemies/Dodge/Dodge_hit_b_SPA.m4a	0.906	1	44100	Dodge
sounds/enemies/Dodge/Dodge_hit_c_SPA.m4a	1.068	1	44100	Dodge
sounds/enemies/Dodge/Dodge_hit_d_SPA.m4a	0.952	1	44100	Dodge
sounds/enemies/Dodge/Dodge_hit_e_SPA.m4a	1.022	1	44100	Dodge
sounds/enemies/Dodge/Dodge_spawn_SPA.m4a	3.343	1	44100	Dodge
sounds/enemies/DodgeB/DodgeB_aggressive_SPA.m4a	3.352	1	44100	DodgeB
sounds/enemies/DodgeB/DodgeB_approach_a_SPA.m4a	2.969	1	44100	DodgeB
sounds/enemies/DodgeB/DodgeB_approach_b_SPA.m4a	2.848	1	44100	DodgeB
sounds/enemies/DodgeB/DodgeB_approach_c_SPA.m4a	2.736	1	44100	DodgeB
sounds/enemies/DodgeB/DodgeB_attack.m4a	5.596	2	44100	DodgeB
sounds/enemies/DodgeB/DodgeB_death_a_SPA.m4a	2.113	1	44100	DodgeB
sounds/enemies/DodgeB/DodgeB_death_b_SPA.m4a	2.322	1	44100	DodgeB
sounds/enemies/DodgeB/DodgeB_death_crit_SPA.m4a	1.858	1	44100	DodgeB
sounds/enemies/DodgeB/DodgeB_dodge_SPA.m4a	1.022	1	44100	DodgeB
sounds/enemies/DodgeB/DodgeB_hit_a_SPA.m4a	0.813	1	44100	DodgeB
sounds/enemies/DodgeB/DodgeB_hit_b_SPA.m4a	0.906	1	44100	DodgeB
sounds/enemies/DodgeB/DodgeB_hit_c_SPA.m4a	1.068	1	44100	DodgeB
sounds/enemies/DodgeB/DodgeB_hit_d_SPA.m4a	0.952	1	44100	DodgeB
sounds/enemies/DodgeB/DodgeB_hit_e_SPA.m4a	1.022	1	44100	DodgeB
sounds/enemies/DodgeB/DodgeB_spawn_SPA.m4a	3.343	1	44100	DodgeB
sounds/enemies/Farty/Farty_aggressive_a_SPA.m4a	2.740	1	44100	Farty
sounds/enemies/Farty/Farty_aggressive_b_SPA.m4a	3.669	1	44100	Farty
sounds/enemies/Farty/Farty_approach_a_SPA.m4a	3.088	1	44100	Farty
sounds/enemies/Farty/Farty_approach_b_SPA.m4a	3.599	1	44100	Farty
sounds/enemies/Farty/Farty_approach_c_SPA.m4a	4.087	1	44100	Farty
sounds/enemies/Farty/Farty_approach_d_SPA.m4a	2.856	1	44100	Farty
sounds/enemies/Farty/Farty_attack_a.m4a	5.184	2	48000	Farty
sounds/enemies/Farty/Farty_attack_b.m4a	5.376	2	48000	Farty
sounds/enemies/Farty/Farty_death_a_SPA.m4a	3.669	1	48000	Farty
sounds/enemies/Farty/Farty_death_b_SPA.m4a	3.136	1	48000	Farty
sounds/enemies/Farty/Farty_death_crit_a_SPA.m4a	3.008	1	48000	Farty
sounds/enemies/Farty/Farty_explosion_SPA.m4a	2.090	1	44100	Farty
sounds/enemies/Farty/Farty_hit_a_SPA.m4a	0.743	1	44100	Farty
sounds/enemies/Farty/Farty_hit_b_SPA.m4a	0.859	1	44100	Farty
sounds/enemies/Farty/Farty_hit_c_SPA.m4a	0.604	1	44100	Farty
sounds/enemies/Farty/Farty_hit_d_SPA.m4a	0.906	1	44100	Farty
sounds/enemies/Farty/Farty_hit_e_SPA.m4a	0.464	1	44100	Farty
sounds/enemies/Farty/Farty_spawn_a_SPA.m4a	2.183	1	44100	Farty
sounds/enemies/Farty/Farty_spawn_b_SPA.m4a	2.229	1	44100	Farty
sounds/enemies/FartyB/FartyB_aggressive_a_SPA.m4a	2.740	1	44100	FartyB
sounds/enemies/FartyB/FartyB_aggressive_b_SPA.m4a	3.669	1	44100	FartyB
sounds/enemies/FartyB/FartyB_approach_a_SPA.m4a	3.088	1	44100	FartyB
sounds/enemies/FartyB/FartyB_approach_b_SPA.m4a	3.599	1	44100	FartyB
sounds/enemies/FartyB/FartyB_approach_c_SPA.m4a	4.087	1	44100	FartyB
sounds/enemies/FartyB/FartyB_approach_d_SPA.m4a	2.856	1	44100	FartyB
sounds/enemies/FartyB/FartyB_attack_a.m4a	5.184	2	48000	FartyB
sounds/enemies/FartyB/FartyB_attack_b.m4a	5.376	2	48000	FartyB
sounds/enemies/FartyB/FartyB_death_a_SPA.m4a	3.669	1	48000	FartyB
sounds/enemies/FartyB/FartyB_death_b_SPA.m4a	3.136	1	48000	FartyB
sounds/enemies/FartyB/FartyB_death_crit_a_SPA.m4a	3.008	1	48000	FartyB
sounds/enemies/FartyB/FartyB_explosion_SPA.m4a	2.090	1	44100	FartyB
sounds/enemies/FartyB/FartyB_hit_a_SPA.m4a	0.743	1	44100	FartyB
sounds/enemies/FartyB/FartyB_hit_b_SPA.m4a	0.859	1	44100	FartyB
sounds/enemies/FartyB/FartyB_hit_c_SPA.m4a	0.604	1	44100	FartyB
sounds/enemies/FartyB/FartyB_hit_d_SPA.m4a	0.906	1	44100	FartyB
sounds/enemies/FartyB/FartyB_hit_e_SPA.m4a	0.464	1	44100	FartyB
sounds/enemies/FartyB/FartyB_spawn_a_SPA.m4a	2.183	1	44100	FartyB
sounds/enemies/FartyB/FartyB_spawn_b_SPA.m4a	2.229	1	44100	FartyB
sounds/enemies/Hulk/Hulk_aggressive_a_SPA.m4a	7.769	1	44100	Hulk
sounds/enemies/Hulk/Hulk_aggressive_b_SPA.m4a	6.438	1	44100	Hulk
sounds/enemies/Hulk/Hulk_approach_a_SPA.m4a	8.209	1	44100	Hulk
sounds/enemies/Hulk/Hulk_approach_b_SPA.m4a	5.414	1	44100	Hulk
sounds/enemies/Hulk/Hulk_approach_c_SPA.m4a	7.446	1	44100	Hulk
sounds/enemies/Hulk/Hulk_attack.m4a	5.735	2	44100	Hulk
sounds/enemies/Hulk/Hulk_death_a_SPA.m4a	4.365	1	44100	Hulk
sounds/enemies/Hulk/Hulk_death_b_SPA.m4a	4.528	1	44100	Hulk
sounds/enemies/Hulk/Hulk_death_crit_SPA.m4a	2.624	1	44100	Hulk
sounds/enemies/Hulk/Hulk_hit_a_SPA.m4a	1.068	1	44100	Hulk
sounds/enemies/Hulk/Hulk_hit_b_SPA.m4a	0.975	1	44100	Hulk
sounds/enemies/Hulk/Hulk_hit_c_SPA.m4a	0.906	1	44100	Hulk
sounds/enemies/Hulk/Hulk_hit_d_SPA.m4a	0.511	1	44100	Hulk
sounds/enemies/Hulk/Hulk_hit_e_SPA.m4a	0.906	1	44100	Hulk
sounds/enemies/Hulk/Hulk_hit_f_SPA.m4a	0.813	1	44100	Hulk
sounds/enemies/Hulk/Hulk_hit_g_SPA.m4a	0.627	1	44100	Hulk
sounds/enemies/Hulk/Hulk_hit_h_SPA.m4a	1.115	1	44100	Hulk
sounds/enemies/Hulk/Hulk_hit_i_SPA.m4a	1.045	1	44100	Hulk
sounds/enemies/Hulk/Hulk_hit_j_SPA.m4a	1.231	1	44100	Hulk
sounds/enemies/Hulk/Hulk_spawn_a_SPA.m4a	3.660	1	44100	Hulk
sounds/enemies/Hulk/Hulk_spawn_b_SPA.m4a	5.712	1	44100	Hulk
sounds/enemies/HulkB/HulkB_aggressive_a_SPA.m4a	7.769	1	44100	HulkB
sounds/enemies/HulkB/HulkB_aggressive_b_SPA.m4a	6.438	1	44100	HulkB
sounds/enemies/HulkB/HulkB_approach_a_SPA.m4a	8.209	1	44100	HulkB
sounds/enemies/HulkB/HulkB_approach_b_SPA.m4a	5.414	1	44100	HulkB
sounds/enemies/HulkB/HulkB_approach_c_SPA.m4a	7.446	1	44100	HulkB
sounds/enemies/HulkB/HulkB_attack.m4a	5.735	2	44100	HulkB
sounds/enemies/HulkB/HulkB_death_a_SPA.m4a	4.365	1	44100	HulkB
sounds/enemies/HulkB/HulkB_death_b_SPA.m4a	4.528	1	44100	HulkB
sounds/enemies/HulkB/HulkB_death_crit_SPA.m4a	2.624	1	44100	HulkB
sounds/enemies/HulkB/HulkB_hit_a_SPA.m4a	1.068	1	44100	HulkB
sounds/enemies/HulkB/HulkB_hit_b_SPA.m4a	0.975	1	44100	HulkB
sounds/enemies/HulkB/HulkB_hit_c_SPA.m4a	0.906	1	44100	HulkB
sounds/enemies/HulkB/HulkB_hit_d_SPA.m4a	0.511	1	44100	HulkB
sounds/enemies/HulkB/HulkB_hit_e_SPA.m4a	0.906	1	44100	HulkB
sounds/enemies/HulkB/HulkB_hit_f_SPA.m4a	0.813	1	44100	HulkB
sounds/enemies/HulkB/HulkB_hit_g_SPA.m4a	0.627	1	44100	HulkB
sounds/enemies/HulkB/HulkB_hit_h_SPA.m4a	1.115	1	44100	HulkB
sounds/enemies/HulkB/HulkB_hit_i_SPA.m4a	1.045	1	44100	HulkB
sounds/enemies/HulkB/HulkB_hit_j_SPA.m4a	1.231	1	44100	HulkB
sounds/enemies/HulkB/HulkB_spawn_a_SPA.m4a	3.660	1	44100	HulkB
sounds/enemies/HulkB/HulkB_spawn_b_SPA.m4a	5.712	1	44100	HulkB
sounds/enemies/impact/KillConfirm_v1.m4a	1.834	1	44100	impact
sounds/enemies/impact/KillConfirm_v3.m4a	1.556	1	44100	impact
sounds/enemies/impact/KillConfirm_v4.m4a	1.718	1	44100	impact
sounds/enemies/impact/KillConfirm_v5.m4a	1.718	1	44100	impact
sounds/enemies/impact/impact_a_SPA.m4a	1.195	1	48000	impact
sounds/enemies/impact/impact_b_SPA.m4a	0.512	1	48000	impact
sounds/enemies/impact/impact_c_SPA.m4a	1.195	1	48000	impact
sounds/enemies/impact/impact_d_SPA.m4a	0.811	1	48000	impact
sounds/enemies/impact/impact_e_SPA.m4a	1.237	1	48000	impact
sounds/enemies/impact/impact_f_SPA.m4a	1.749	1	48000	impact
sounds/enemies/impact/impact_g_SPA.m4a	1.024	1	48000	impact
sounds/enemies/impact/impactmulti_2_a_SPA.m4a	1.131	1	48000	impact
sounds/enemies/impact/impactmulti_3_a_SPA.m4a	1.131	1	48000	impact
sounds/enemies/impact/impactmulti_4_a_SPA.m4a	1.131	1	48000	impact
sounds/enemies/Jim/Jim_aggressive_a_SPA.m4a	3.343	1	44100	Jim
sounds/enemies/Jim/Jim_aggressive_b_SPA.m4a	3.250	1	44100	Jim
sounds/enemies/Jim/Jim_approach_a_SPA.m4a	2.296	1	44100	Jim
sounds/enemies/Jim/Jim_approach_b_SPA.m4a	5.335	1	44100	Jim
sounds/enemies/Jim/Jim_approach_c_SPA.m4a	5.108	1	44100	Jim
sounds/enemies/Jim/Jim_attack.m4a	71.355	1	44100	Jim
sounds/enemies/Jim/Jim_death_a_SPA.m4a	3.390	1	44100	Jim
sounds/enemies/Jim/Jim_death_b_SPA.m4a	3.181	1	44100	Jim
sounds/enemies/Jim/Jim_death_crit_SPA.m4a	3.878	1	44100	Jim
sounds/enemies/Jim/Jim_hit_a_SPA.m4a	0.557	1	44100	Jim
sounds/enemies/Jim/Jim_hit_b_SPA.m4a	0.418	1	44100	Jim
sounds/enemies/Jim/Jim_hit_c_SPA.m4a	0.975	1	44100	Jim
sounds/enemies/Jim/Jim_hit_d_SPA.m4a	0.697	1	44100	Jim
sounds/enemies/Jim/Jim_hit_e_SPA.m4a	0.557	1	44100	Jim
sounds/enemies/Jim/Jim_spawn_a_SPA.m4a	2.328	1	44100	Jim
sounds/enemies/Jim/Jim_spawn_b_SPA.m4a	2.426	1	44100	Jim
sounds/enemies/QuietZombie/QuietZombie_aggressive_SPA.m4a	5.635	1	44100	QuietZombie
sounds/enemies/QuietZombie/QuietZombie_approach_a_SPA.m4a	10.187	1	44100	QuietZombie
sounds/enemies/QuietZombie/QuietZombie_approach_b_SPA.m4a	6.533	1	44100	QuietZombie
sounds/enemies/QuietZombie/QuietZombie_approach_c_SPA.m4a	6.019	1	44100	QuietZombie
sounds/enemies/QuietZombie/QuietZombie_attack.m4a	7.175	2	44100	QuietZombie
sounds/enemies/QuietZombie/QuietZombie_death_a_SPA.m4a	3.646	1	44100	QuietZombie
sounds/enemies/QuietZombie/QuietZombie_death_b_SPA.m4a	2.763	1	44100	QuietZombie
sounds/enemies/QuietZombie/QuietZombie_death_crit_SPA.m4a	3.437	1	44100	QuietZombie
sounds/enemies/QuietZombie/QuietZombie_hit_a_SPA.m4a	0.604	1	44100	QuietZombie
sounds/enemies/QuietZombie/QuietZombie_hit_b_SPA.m4a	0.627	1	44100	QuietZombie
sounds/enemies/QuietZombie/QuietZombie_hit_c_SPA.m4a	0.418	1	44100	QuietZombie
sounds/enemies/QuietZombie/QuietZombie_hit_d_SPA.m4a	0.650	1	44100	QuietZombie
sounds/enemies/QuietZombie/QuietZombie_hit_e_SPA.m4a	0.766	1	44100	QuietZombie
sounds/enemies/QuietZombie/QuietZombie_spawn_SPA.m4a	0.627	1	44100	QuietZombie
sounds/enemies/Runner/Runner_aggressive_a_SPA.m4a	4.045	1	44100	Runner
sounds/enemies/Runner/Runner_aggressive_b_SPA.m4a	3.904	1	44100	Runner
sounds/enemies/Runner/Runner_aggressive_c_SPA.m4a	3.734	1	44100	Runner
sounds/enemies/Runner/Runner_approach_a_SPA.m4a	4.272	1	44100	Runner
sounds/enemies/Runner/Runner_approach_b_SPA.m4a	2.601	1	44100	Runner
sounds/enemies/Runner/Runner_approach_c_SPA.m4a	1.672	1	44100	Runner
sounds/enemies/Runner/Runner_attack_a.m4a	5.759	2	44100	Runner
sounds/enemies/Runner/Runner_attack_b.m4a	6.548	2	44100	Runner
sounds/enemies/Runner/Runner_death_crit_SPA.m4a	2.949	1	44100	Runner
sounds/enemies/Runner/Runner_hit_a_SPA.m4a	1.416	1	44100	Runner
sounds/enemies/Runner/Runner_hit_b_SPA.m4a	0.929	1	44100	Runner
sounds/enemies/Runner/Runner_hit_c_SPA.m4a	0.906	1	44100	Runner
sounds/enemies/Runner/Runner_hit_d_SPA.m4a	0.859	1	44100	Runner
sounds/enemies/Runner/Runner_hit_e_SPA.m4a	0.604	1	44100	Runner
sounds/enemies/Runner/Runner_impact_a_SPA.m4a	0.929	1	44100	Runner
sounds/enemies/Runner/Runner_impact_b_SPA.m4a	1.370	1	44100	Runner
sounds/enemies/Runner/Runner_impact_c_SPA.m4a	0.743	1	44100	Runner
sounds/enemies/Runner/Runner_spawn_a_SPA.m4a	1.439	1	44100	Runner
sounds/enemies/Runner/Runner_spawn_b_SPA.m4a	1.868	1	44100	Runner
sounds/enemies/RunnerB/RunnerB_aggressive_a_SPA.m4a	4.045	1	44100	RunnerB
sounds/enemies/RunnerB/RunnerB_aggressive_b_SPA.m4a	3.904	1	44100	RunnerB
sounds/enemies/RunnerB/RunnerB_aggressive_c_SPA.m4a	3.734	1	44100	RunnerB
sounds/enemies/RunnerB/RunnerB_approach_a_SPA.m4a	4.272	1	44100	RunnerB
sounds/enemies/RunnerB/RunnerB_approach_b_SPA.m4a	2.601	1	44100	RunnerB
sounds/enemies/RunnerB/RunnerB_approach_c_SPA.m4a	1.672	1	44100	RunnerB
sounds/enemies/RunnerB/RunnerB_attack_a.m4a	5.759	2	44100	RunnerB
sounds/enemies/RunnerB/RunnerB_attack_b.m4a	6.548	2	44100	RunnerB
sounds/enemies/RunnerB/RunnerB_death_crit_SPA.m4a	2.949	1	44100	RunnerB
sounds/enemies/RunnerB/RunnerB_hit_a_SPA.m4a	1.416	1	44100	RunnerB
sounds/enemies/RunnerB/RunnerB_hit_b_SPA.m4a	0.929	1	44100	RunnerB
sounds/enemies/RunnerB/RunnerB_hit_c_SPA.m4a	0.906	1	44100	RunnerB
sounds/enemies/RunnerB/RunnerB_hit_d_SPA.m4a	0.859	1	44100	RunnerB
sounds/enemies/RunnerB/RunnerB_hit_e_SPA.m4a	0.604	1	44100	RunnerB
sounds/enemies/RunnerB/RunnerB_impact_a_SPA.m4a	0.929	1	44100	RunnerB
sounds/enemies/RunnerB/RunnerB_impact_b_SPA.m4a	1.370	1	44100	RunnerB
sounds/enemies/RunnerB/RunnerB_impact_c_SPA.m4a	0.743	1	44100	RunnerB
sounds/enemies/RunnerB/RunnerB_spawn_a_SPA.m4a	1.439	1	44100	RunnerB
sounds/enemies/RunnerB/RunnerB_spawn_b_SPA.m4a	1.868	1	44100	RunnerB
sounds/enemies/RunnerC/RunnerC_aggressive_a_SPA.m4a	4.045	1	44100	RunnerC
sounds/enemies/RunnerC/RunnerC_aggressive_b_SPA.m4a	3.904	1	44100	RunnerC
sounds/enemies/RunnerC/RunnerC_aggressive_c_SPA.m4a	3.734	1	44100	RunnerC
sounds/enemies/RunnerC/RunnerC_approach_a_SPA.m4a	4.272	1	44100	RunnerC
sounds/enemies/RunnerC/RunnerC_approach_b_SPA.m4a	2.601	1	44100	RunnerC
sounds/enemies/RunnerC/RunnerC_approach_c_SPA.m4a	1.672	1	44100	RunnerC
sounds/enemies/RunnerC/RunnerC_attack_a.m4a	5.759	2	44100	RunnerC
sounds/enemies/RunnerC/RunnerC_attack_b.m4a	6.548	2	44100	RunnerC
sounds/enemies/RunnerC/RunnerC_death_crit_SPA.m4a	2.949	1	44100	RunnerC
sounds/enemies/RunnerC/RunnerC_hit_a_SPA.m4a	1.416	1	44100	RunnerC
sounds/enemies/RunnerC/RunnerC_hit_b_SPA.m4a	0.929	1	44100	RunnerC
sounds/enemies/RunnerC/RunnerC_hit_c_SPA.m4a	0.906	1	44100	RunnerC
sounds/enemies/RunnerC/RunnerC_hit_d_SPA.m4a	0.859	1	44100	RunnerC
sounds/enemies/RunnerC/RunnerC_hit_e_SPA.m4a	0.604	1	44100	RunnerC
sounds/enemies/RunnerC/RunnerC_impact_a_SPA.m4a	0.929	1	44100	RunnerC
sounds/enemies/RunnerC/RunnerC_impact_b_SPA.m4a	1.370	1	44100	RunnerC
sounds/enemies/RunnerC/RunnerC_impact_c_SPA.m4a	0.743	1	44100	RunnerC
sounds/enemies/RunnerC/RunnerC_spawn_a_SPA.m4a	1.439	1	44100	RunnerC
sounds/enemies/RunnerC/RunnerC_spawn_b_SPA.m4a	1.868	1	44100	RunnerC
sounds/enemies/Shield/Shield_aggressive_SPA.m4a	3.690	1	44100	Shield
sounds/enemies/Shield/Shield_approach_a_SPA.m4a	3.908	1	44100	Shield
sounds/enemies/Shield/Shield_approach_b_SPA.m4a	3.190	1	44100	Shield
sounds/enemies/Shield/Shield_approach_c_SPA.m4a	2.938	1	44100	Shield
sounds/enemies/Shield/Shield_approach_d_SPA.m4a	3.739	1	44100	Shield
sounds/enemies/Shield/Shield_approach_e_SPA.m4a	4.315	1	44100	Shield
sounds/enemies/Shield/Shield_attack.m4a	5.224	2	44100	Shield
sounds/enemies/Shield/Shield_death_a_SPA.m4a	4.714	1	44100	Shield
sounds/enemies/Shield/Shield_death_b_SPA.m4a	5.503	1	44100	Shield
sounds/enemies/Shield/Shield_death_c_SPA.m4a	5.619	1	44100	Shield
sounds/enemies/Shield/Shield_death_d_SPA.m4a	6.130	1	44100	Shield
sounds/enemies/Shield/Shield_hit_a_SPA.m4a	1.370	1	44100	Shield
sounds/enemies/Shield/Shield_hit_b_SPA.m4a	1.486	1	44100	Shield
sounds/enemies/Shield/Shield_hit_c_SPA.m4a	1.625	1	44100	Shield
sounds/enemies/Shield/Shield_hit_d_SPA.m4a	1.231	1	44100	Shield
sounds/enemies/Shield/Shield_hit_e_SPA.m4a	1.254	1	44100	Shield
sounds/enemies/Shield/Shield_hit_f_SPA.m4a	1.463	1	44100	Shield
sounds/enemies/Shield/Shield_invincible_a_SPA.m4a	4.296	1	44100	Shield
sounds/enemies/Shield/Shield_invincible_b_SPA.m4a	3.251	1	44100	Shield
sounds/enemies/Shield/Shield_shielddown_a_SPA.m4a	2.229	1	44100	Shield
sounds/enemies/Shield/Shield_shielddown_b_SPA.m4a	2.810	1	44100	Shield
sounds/enemies/Shield/Shield_shieldimpact_a_SPA.m4a	0.511	2	44100	Shield
sounds/enemies/Shield/Shield_shieldimpact_b_SPA.m4a	0.511	2	44100	Shield
sounds/enemies/Shield/Shield_shieldimpact_c_SPA.m4a	0.511	2	44100	Shield
sounds/enemies/Shield/Shield_shieldup_a_SPA.m4a	1.765	1	44100	Shield
sounds/enemies/Shield/Shield_shieldup_b_SPA.m4a	1.904	1	44100	Shield
sounds/enemies/Shield/Shield_spawn_a_SPA.m4a	4.231	2	44100	Shield
sounds/enemies/Ted/Ted_aggressive_a_SPA.m4a	6.995	1	44100	Ted
sounds/enemies/Ted/Ted_aggressive_b_SPA.m4a	5.847	1	44100	Ted
sounds/enemies/Ted/Ted_approach_a_SPA.m4a	4.501	1	44100	Ted
sounds/enemies/Ted/Ted_approach_b_SPA.m4a	5.141	1	44100	Ted
sounds/enemies/Ted/Ted_approach_c_SPA.m4a	4.543	1	44100	Ted
sounds/enemies/Ted/Ted_attack.m4a	6.269	2	44100	Ted
sounds/enemies/Ted/Ted_death_a_SPA.m4a	2.368	1	44100	Ted
sounds/enemies/Ted/Ted_death_b_SPA.m4a	3.715	1	44100	Ted
sounds/enemies/Ted/Ted_death_crit_SPA.m4a	2.717	1	44100	Ted
sounds/enemies/Ted/Ted_hit_a_SPA.m4a	0.747	1	48000	Ted
sounds/enemies/Ted/Ted_hit_b_SPA.m4a	1.088	1	48000	Ted
sounds/enemies/Ted/Ted_hit_c_SPA.m4a	1.045	1	48000	Ted
sounds/enemies/Ted/Ted_hit_d_SPA.m4a	0.405	1	48000	Ted
sounds/enemies/Ted/Ted_hit_e_SPA.m4a	0.747	1	48000	Ted
sounds/enemies/Ted/Ted_hit_f_SPA.m4a	0.747	1	48000	Ted
sounds/enemies/Ted/Ted_spawn_a_SPA.m4a	2.706	1	44100	Ted
sounds/enemies/Ted/Ted_spawn_b_SPA.m4a	2.374	1	44100	Ted
sounds/enemies/WeakZombie/WeakZombie_aggressive_a_SPA.m4a	2.893	1	44100	StillZombie,StillZombieB,Weak,WeakZombie
sounds/enemies/WeakZombie/WeakZombie_aggressive_b_SPA.m4a	2.884	1	44100	StillZombie,StillZombieB,Weak,WeakZombie
sounds/enemies/WeakZombie/WeakZombie_approach_a_SPA.m4a	3.690	1	44100	StillZombie,StillZombieB,Weak,WeakZombie
sounds/enemies/WeakZombie/WeakZombie_approach_b_SPA.m4a	3.980	1	44100	Weak,WeakZombie
sounds/enemies/WeakZombie/WeakZombie_approach_c_SPA.m4a	3.011	1	44100	StillZombie,StillZombieB,Weak,WeakZombie
sounds/enemies/WeakZombie/WeakZombie_attack.m4a	4.876	2	44100	Weak,WeakZombie
sounds/enemies/WeakZombie/WeakZombie_death_a_SPA.m4a	2.206	1	44100	Weak,WeakZombie
sounds/enemies/WeakZombie/WeakZombie_death_b_SPA.m4a	2.067	1	44100	Weak,WeakZombie
sounds/enemies/WeakZombie/WeakZombie_death_crit_SPA.m4a	2.206	1	44100	Weak,WeakZombie
sounds/enemies/WeakZombie/WeakZombie_hit_a_SPA.m4a	0.418	1	44100	Weak,WeakZombie
sounds/enemies/WeakZombie/WeakZombie_hit_b_SPA.m4a	0.766	1	44100	Weak,WeakZombie
sounds/enemies/WeakZombie/WeakZombie_hit_c_SPA.m4a	0.534	1	44100	Weak,WeakZombie
sounds/enemies/WeakZombie/WeakZombie_hit_d_SPA.m4a	0.789	1	44100	Weak,WeakZombie
sounds/enemies/WeakZombie/WeakZombie_hit_e_SPA.m4a	1.161	1	44100	Weak,WeakZombie
sounds/enemies/WeakZombie/WeakZombie_spawn_a_SPA.m4a	2.602	1	44100	StillZombie,StillZombieB,Weak,WeakZombie
sounds/enemies/WeakZombie/WeakZombie_spawn_b_SPA.m4a	2.581	1	44100	StillZombie,StillZombieB,Weak,WeakZombie
sounds/enemies/WeakZombieB/WeakZombieB_aggressive_a_SPA.m4a	2.552	1	44100	WeakZombieB
sounds/enemies/WeakZombieB/WeakZombieB_aggressive_b_SPA.m4a	2.433	1	44100	WeakZombieB
sounds/enemies/WeakZombieB/WeakZombieB_approach_a_SPA.m4a	2.359	1	44100	WeakZombieB
sounds/enemies/WeakZombieB/WeakZombieB_approach_b_SPA.m4a	3.094	1	44100	WeakZombieB
sounds/enemies/WeakZombieB/WeakZombieB_approach_c_SPA.m4a	3.734	1	44100	WeakZombieB
sounds/enemies/WeakZombieB/WeakZombieB_attack.m4a	5.875	2	44100	WeakZombieB
sounds/enemies/WeakZombieB/WeakZombieB_death_a_SPA.m4a	2.926	1	44100	WeakZombieB
sounds/enemies/WeakZombieB/WeakZombieB_death_b_SPA.m4a	3.181	1	44100	WeakZombieB
sounds/enemies/WeakZombieB/WeakZombieB_death_crit_SPA.m4a	2.763	1	44100	WeakZombieB
sounds/enemies/WeakZombieB/WeakZombieB_hit_a_SPA.m4a	0.673	1	44100	WeakZombieB
sounds/enemies/WeakZombieB/WeakZombieB_hit_b_SPA.m4a	0.604	1	44100	WeakZombieB
sounds/enemies/WeakZombieB/WeakZombieB_hit_c_SPA.m4a	0.650	1	44100	WeakZombieB
sounds/enemies/WeakZombieB/WeakZombieB_hit_d_SPA.m4a	0.789	1	44100	WeakZombieB
sounds/enemies/WeakZombieB/WeakZombieB_hit_e_SPA.m4a	0.488	1	44100	WeakZombieB
sounds/enemies/WeakZombieB/WeakZombieB_spawn_a_SPA.m4a	2.532	1	44100	WeakZombieB
sounds/enemies/WeakZombieB/WeakZombieB_spawn_b_SPA.m4a	1.401	1	44100	WeakZombieB
sounds/enemies/WeakZombieC/WeakZombieC_aggressive_a_SPA.m4a	3.284	1	44100	WeakZombieC
sounds/enemies/WeakZombieC/WeakZombieC_aggressive_b_SPA.m4a	3.186	1	44100	WeakZombieC
sounds/enemies/WeakZombieC/WeakZombieC_approach_a_SPA.m4a	6.103	1	44100	WeakZombieC
sounds/enemies/WeakZombieC/WeakZombieC_approach_b_SPA.m4a	5.662	1	44100	WeakZombieC
sounds/enemies/WeakZombieC/WeakZombieC_approach_c_SPA.m4a	5.901	1	44100	WeakZombieC
sounds/enemies/WeakZombieC/WeakZombieC_attack.m4a	8.731	2	44100	WeakZombieC
sounds/enemies/WeakZombieC/WeakZombieC_death_a_SPA.m4a	3.320	1	44100	WeakZombieC
sounds/enemies/WeakZombieC/WeakZombieC_death_b_SPA.m4a	3.111	1	44100	WeakZombieC
sounds/enemies/WeakZombieC/WeakZombieC_death_crit_SPA.m4a	3.808	1	44100	WeakZombieC
sounds/enemies/WeakZombieC/WeakZombieC_hit_a_SPA.m4a	0.557	1	44100	WeakZombieC
sounds/enemies/WeakZombieC/WeakZombieC_hit_b_SPA.m4a	0.418	1	44100	WeakZombieC
sounds/enemies/WeakZombieC/WeakZombieC_hit_c_SPA.m4a	0.975	1	44100	WeakZombieC
sounds/enemies/WeakZombieC/WeakZombieC_hit_d_SPA.m4a	0.697	1	44100	WeakZombieC
sounds/enemies/WeakZombieC/WeakZombieC_hit_e_SPA.m4a	0.557	1	44100	WeakZombieC
sounds/enemies/WeakZombieC/WeakZombieC_spawn_a_SPA.m4a	1.612	1	44100	WeakZombieC
sounds/enemies/WeakZombieC/WeakZombieC_spawn_b_SPA.m4a	1.379	1	44100	WeakZombieC
sounds/enemies/WeakZombieD/WeakZombieD_aggressive_a_SPA.m4a	5.265	1	44100	WeakZombieD
sounds/enemies/WeakZombieD/WeakZombieD_aggressive_b_SPA.m4a	5.400	1	44100	WeakZombieD
sounds/enemies/WeakZombieD/WeakZombieD_aggressive_c_SPA.m4a	5.726	1	44100	WeakZombieD
sounds/enemies/WeakZombieD/WeakZombieD_approach_a_SPA.m4a	8.051	1	44100	WeakZombieD
sounds/enemies/WeakZombieD/WeakZombieD_approach_b_SPA.m4a	8.051	1	44100	WeakZombieD
sounds/enemies/WeakZombieD/WeakZombieD_approach_c_SPA.m4a	7.730	1	44100	WeakZombieD
sounds/enemies/WeakZombieD/WeakZombieD_attack.m4a	8.661	2	44100	WeakZombieD
sounds/enemies/WeakZombieD/WeakZombieD_die_a_SPA.m4a	3.251	1	44100	WeakZombieD
sounds/enemies/WeakZombieD/WeakZombieD_die_b_SPA.m4a	4.783	1	44100	WeakZombieD
sounds/enemies/WeakZombieD/WeakZombieD_diecrit_SPA.m4a	4.040	1	44100	
sounds/enemies/WeakZombieD/WeakZombieD_hit_a_SPA.m4a	0.325	1	44100	WeakZombieD
sounds/enemies/WeakZombieD/WeakZombieD_hit_b_SPA.m4a	0.511	1	44100	WeakZombieD
sounds/enemies/WeakZombieD/WeakZombieD_hit_c_SPA.m4a	0.372	1	44100	WeakZombieD
sounds/enemies/WeakZombieD/WeakZombieD_hit_d_SPA.m4a	1.138	1	44100	
sounds/enemies/WeakZombieD/WeakZombieD_hit_e_SPA.m4a	1.022	1	44100	
sounds/enemies/WeakZombieD/WeakZombieD_spawn_a_SPA.m4a	1.692	1	44100	WeakZombieD
sounds/enemies/WeakZombieD/WeakZombieD_spawn_b_SPA.m4a	2.201	1	44100	WeakZombieD
sounds/enemies/Zombie/Zombie_aggressive_a_SPA.m4a	6.870	1	44100	Zombie
sounds/enemies/Zombie/Zombie_aggressive_b_SPA.m4a	5.806	1	44100	Zombie
sounds/enemies/Zombie/Zombie_approach_a_SPA.m4a	4.443	1	44100	Zombie
sounds/enemies/Zombie/Zombie_approach_b_SPA.m4a	5.056	1	44100	Zombie
sounds/enemies/Zombie/Zombie_approach_c_SPA.m4a	4.312	1	44100	Zombie
sounds/enemies/Zombie/Zombie_attack_a.m4a	3.947	2	44100	Zombie
sounds/enemies/Zombie/Zombie_attack_b.m4a	4.087	2	44100	Zombie
sounds/enemies/Zombie/Zombie_death_a_SPA.m4a	2.304	1	48000	Zombie
sounds/enemies/Zombie/Zombie_death_b_SPA.m4a	3.520	1	48000	Zombie
sounds/enemies/Zombie/Zombie_death_crit_SPA.m4a	2.667	1	48000	Zombie
sounds/enemies/Zombie/Zombie_hit_a_SPA.m4a	0.747	1	48000	Zombie
sounds/enemies/Zombie/Zombie_hit_b_SPA.m4a	1.088	1	48000	Zombie
sounds/enemies/Zombie/Zombie_hit_c_SPA.m4a	1.045	1	48000	Zombie
sounds/enemies/Zombie/Zombie_hit_d_SPA.m4a	0.405	1	48000	Zombie
sounds/enemies/Zombie/Zombie_hit_e_SPA.m4a	0.747	1	48000	Zombie
sounds/enemies/Zombie/Zombie_hit_f_SPA.m4a	0.747	1	48000	Zombie
sounds/enemies/Zombie/Zombie_spawn_a_SPA.m4a	1.641	1	44100	Zombie
sounds/enemies/Zombie/Zombie_spawn_b_SPA.m4a	1.505	1	44100	Zombie
sounds/enemies/ZombieB/ZombieB_aggressive_a_SPA.m4a	1.435	1	44100	ZombieB
sounds/enemies/ZombieB/ZombieB_aggressive_b_SPA.m4a	1.395	1	44100	ZombieB
sounds/enemies/ZombieB/ZombieB_approach_a_SPA.m4a	2.358	1	44100	ZombieB
sounds/enemies/ZombieB/ZombieB_approach_b_SPA.m4a	1.852	1	44100	ZombieB
sounds/enemies/ZombieB/ZombieB_approach_c_SPA.m4a	2.317	1	44100	ZombieB
sounds/enemies/ZombieB/ZombieB_approach_d_SPA.m4a	2.154	1	44100	ZombieB
sounds/enemies/ZombieB/ZombieB_approach_e_SPA.m4a	2.858	1	44100	ZombieB
sounds/enemies/ZombieB/ZombieB_attack_a.m4a	4.203	2	48000	ZombieB
sounds/enemies/ZombieB/ZombieB_attack_b.m4a	3.691	2	48000	ZombieB
sounds/enemies/ZombieB/ZombieB_death_a_SPA.m4a	3.648	1	48000	ZombieB
sounds/enemies/ZombieB/ZombieB_death_b_SPA.m4a	2.368	1	48000	ZombieB
sounds/enemies/ZombieB/ZombieB_death_crit_SPA.m4a	2.731	1	48000	ZombieB
sounds/enemies/ZombieB/ZombieB_hit_a_SPA.m4a	0.491	1	48000	ZombieB
sounds/enemies/ZombieB/ZombieB_hit_b_SPA.m4a	0.555	1	48000	ZombieB
sounds/enemies/ZombieB/ZombieB_hit_c_SPA.m4a	0.384	1	48000	ZombieB
sounds/enemies/ZombieB/ZombieB_hit_d_SPA.m4a	0.427	1	48000	ZombieB
sounds/enemies/ZombieB/ZombieB_hit_e_SPA.m4a	0.576	1	48000	ZombieB
sounds/enemies/ZombieB/ZombieB_hit_f_SPA.m4a	0.789	1	48000	ZombieB
sounds/enemies/ZombieB/ZombieB_spawn_a_SPA.m4a	1.253	1	44100	ZombieB
sounds/enemies/ZombieB/ZombieB_spawn_b_SPA.m4a	1.648	1	44100	ZombieB
sounds/enemies/ZombieC/ZombieC_aggressive_a_SPA.m4a	7.149	1	44100	ZombieC
sounds/enemies/ZombieC/ZombieC_aggressive_b_SPA.m4a	4.761	1	44100	ZombieC
sounds/enemies/ZombieC/ZombieC_aggressive_c_SPA.m4a	4.613	1	44100	ZombieC
sounds/enemies/ZombieC/ZombieC_approach_a_SPA.m4a	3.145	1	44100	ZombieC
sounds/enemies/ZombieC/ZombieC_approach_b_SPA.m4a	4.066	1	44100	ZombieC
sounds/enemies/ZombieC/ZombieC_approach_c_SPA.m4a	5.018	1	44100	ZombieC
sounds/enemies/ZombieC/ZombieC_approach_d_SPA.m4a	6.807	1	44100	ZombieC
sounds/enemies/ZombieC/ZombieC_attack_a.m4a	6.869	2	48000	ZombieC
sounds/enemies/ZombieC/ZombieC_attack_b.m4a	5.205	2	48000	ZombieC
sounds/enemies/ZombieC/ZombieC_death_a_SPA.m4a	4.288	1	48000	ZombieC
sounds/enemies/ZombieC/ZombieC_death_b_SPA.m4a	4.693	1	48000	ZombieC
sounds/enemies/ZombieC/ZombieC_hit_a_SPA.m4a	0.256	1	48000	ZombieC
sounds/enemies/ZombieC/ZombieC_hit_b_SPA.m4a	0.277	1	48000	ZombieC
sounds/enemies/ZombieC/ZombieC_hit_c_SPA.m4a	0.299	1	48000	ZombieC
sounds/enemies/ZombieC/ZombieC_hit_d_SPA.m4a	0.256	1	48000	ZombieC
sounds/enemies/ZombieC/ZombieC_hit_e_SPA.m4a	0.256	1	48000	ZombieC
sounds/enemies/ZombieC/ZombieC_hit_f_SPA.m4a	0.427	1	48000	ZombieC
sounds/enemies/ZombieC/ZombieC_hit_g_SPA.m4a	0.469	1	48000	ZombieC
sounds/enemies/ZombieC/ZombieC_spawn_a_SPA.m4a	1.884	1	44100	ZombieC
sounds/enemies/ZombieC/ZombieC_spawn_b_SPA.m4a	2.017	1	44100	
sounds/gameover_1/bastard_gameover_a.m4a	4.690	2	44100	gameover_1
sounds/gameover_1/bastard_gameover_b.m4a	7.198	2	44100	gameover_1
sounds/gameover_1/bastard_gameover_c.m4a	5.805	2	44100	gameover_1
sounds/gameover_1/bastard_gameover_d.m4a	3.344	2	44100	gameover_1
sounds/gameover_1/bastard_gameover_e.m4a	3.692	2	44100	gameover_1
sounds/gameover_2/bastard_gameover_f.m4a	6.502	2	44100	gameover_2
sounds/gameover_2/bastard_gameover_g.m4a	8.429	2	44100	gameover_2
sounds/gameover_2/bastard_gameover_h.m4a	3.622	2	44100	gameover_2
sounds/gameover_2/bastard_gameover_i.m4a	6.803	2	44100	gameover_2
sounds/gameover_2/bastard_gameover_j.m4a	2.810	2	44100	gameover_2
sounds/gameover_3/bastard_gameover_k.m4a	7.500	2	44100	gameover_3
sounds/gameover_3/bastard_gameover_l.m4a	6.618	2	44100	gameover_3
sounds/gameover_3/bastard_gameover_m.m4a	5.062	2	44100	gameover_3
sounds/gameover_3/bastard_gameover_n.m4a	3.390	2	44100	gameover_3
sounds/gameover_3/bastard_gameover_o.m4a	4.807	2	44100	gameover_3
sounds/headphonesTest/HeadphonesTest.m4a	8.754	2	44100	headphonesTest
sounds/menu/buttons/back_button.m4a	0.209	2	44100	buttons
sounds/menu/buttons/click_button.m4a	0.209	2	44100	buttons
sounds/menu/buttons/popup_appeared.m4a	0.255	2	44100	buttons
sounds/menu/buttons/start_button.m4a	0.302	2	44100	buttons
sounds/menu/buttons/start_level_button.m4a	3.042	2	44100	buttons
sounds/menu/main_menu/game_over_theme.m4a	129.219	2	44100	main_menu
sounds/menu/main_menu/main_menu_open.m4a	13.282	2	44100	main_menu
sounds/menu/main_menu/main_menu_theme.m4a	129.219	2	44100	main_menu
sounds/menu/tarot/flip_card_a.m4a	0.604	2	44100	tarot
sounds/menu/tarot/flip_card_b.m4a	0.580	2	44100	tarot
sounds/menu/tarot/flip_card_c.m4a	0.557	2	44100	tarot
sounds/opener/AD_OPENER_LIFT_CHAIN_MONO.m4a	9.358	1	44100	opener
sounds/opener/AD_OPENER_LIFT_CREAK_MONO.m4a	8.591	1	44100	opener
sounds/opener/OPENER_CLOWN_ZOMBIE_SPA.m4a	13.050	1	44100	opener
sounds/opener/OPENER_COLOSSUS_END_SPA.m4a	14.048	1	44100	opener
sounds/opener/OPENER_DRBASTARD_B_SPA.m4a	6.060	1	44100	opener
sounds/opener/OPENER_DRBASTARD_SPA.m4a	6.060	1	44100	opener
sounds/opener/OPENER_FIREWORKS_B_SPA.m4a	1.138	1	44100	opener
sounds/opener/OPENER_FIREWORKS_C_SPA.m4a	1.920	1	48000	opener
sounds/opener/OPENER_FIREWORKS_SPA.m4a	4.063	1	44100	opener
sounds/opener/OPENER_HELICOPTER_SPA.m4a	6.060	1	44100	opener
sounds/opener/OPENER_HULK_1_SPA.m4a	4.063	1	44100	opener
sounds/opener/OPENER_HULK_2_SPA.m4a	9.056	1	44100	opener
sounds/opener/OPENER_LIFT_BUTTON_SPA.m4a	1.068	1	44100	opener
sounds/opener/OPENER_LIFT_DOORS_1_SPA.m4a	4.063	1	44100	opener
sounds/opener/OPENER_LIFT_DOORS_2_SPA.m4a	4.063	1	44100	opener
sounds/opener/OPENER_LIFT_MUSIC_SPA.m4a	18.274	1	44100	opener
sounds/opener/OPENER_LIFT_VOICE_1_SPA.m4a	2.067	1	44100	opener
sounds/opener/OPENER_LIFT_VOICE_2_SPA.m4a	4.063	1	44100	opener
sounds/opener/OPENER_STEREO_ATMOS.m4a	57.748	2	44100	opener
sounds/opener/OPENER_WEAK_ZOMBIE_SPA.m4a	6.060	1	44100	opener
sounds/passerBy/Car/Car_alarm_1_SPA.m4a	1.344	1	48000	Car
sounds/passerBy/Car/Car_death_SPA.m4a	4.117	1	48000	Car
sounds/passerBy/Car/Car_impact_a_SPA.m4a	1.393	1	44100	Car
sounds/passerBy/Car/Car_spawn_SPA.m4a	0.363	1	48000	Car
sounds/passerBy/Car2/Car2_alarm_2_SPA.m4a	3.733	1	48000	Car2
sounds/passerBy/Car2/Car2_death_SPA.m4a	4.416	1	48000	Car2
sounds/passerBy/Car2/Car2_impact_a_SPA.m4a	1.393	1	44100	Car2
sounds/passerBy/Car2/Car2_spawn_SPA.m4a	0.533	1	48000	Car2
sounds/passerBy/Car3/Car3_alarm_3_SPA.m4a	5.163	1	48000	Car3
sounds/passerBy/Car3/Car3_death_SPA.m4a	4.565	1	48000	Car3
sounds/passerBy/Car3/Car3_impact_a_SPA.m4a	1.393	1	44100	Car3
sounds/passerBy/Car3/Car3_spawn_SPA.m4a	0.650	1	22050	Car3
sounds/passerBy/Cow/Cow_death_SPA.m4a	1.323	1	48000	Cow
sounds/passerBy/Cow/Cow_moving_a_SPA.m4a	3.285	1	48000	Cow
sounds/passerBy/Cow/Cow_moving_b_SPA.m4a	2.859	1	48000	Cow
sounds/passerBy/Cow/Cow_spawn_SPA.m4a	1.600	1	48000	Cow
sounds/passerBy/Cow2/Cow2_death_SPA.m4a	0.960	1	48000	Cow2
sounds/passerBy/Cow2/Cow2_moving_a_SPA.m4a	2.752	1	48000	Cow2
sounds/passerBy/Cow2/Cow2_moving_b_SPA.m4a	4.544	1	48000	Cow2
sounds/passerBy/Cow2/Cow2_spawn_SPA.m4a	1.451	1	48000	Cow2
sounds/passerBy/Cow3/Cow3_death_SPA.m4a	1.237	1	48000	Cow3
sounds/passerBy/Cow3/Cow3_moving_a_SPA.m4a	3.328	1	48000	Cow3
sounds/passerBy/Cow3/Cow3_moving_b_SPA.m4a	3.392	1	48000	Cow3
sounds/passerBy/Cow3/Cow3_spawn_SPA.m4a	2.155	1	48000	Cow3
sounds/passerBy/Jukebox/roulette_jukebox_hit_SPA.m4a	1.207	1	44100	Jukebox
sounds/passerBy/Jukebox/roulette_jukebox_music_a_SPA.m4a	46.301	1	44100	Jukebox
sounds/passerBy/Jukebox/roulette_jukebox_music_b_SPA.m4a	38.383	1	44100	Jukebox
sounds/passerBy/Jukebox/roulette_jukebox_music_c_SPA.m4a	39.497	1	44100	Jukebox
sounds/passerBy/Jukebox/roulette_jukebox_resume_SPA.m4a	2.485	1	44100	Jukebox
sounds/passerBy/Machine/Machine_death_SPA.m4a	2.902	1	44100	Machine
sounds/passerBy/Machine/Machine_impact_a_SPA.m4a	1.393	1	44100	Machine
sounds/passerBy/Machine/Machine_impact_b_SPA.m4a	1.393	1	44100	Machine
sounds/passerBy/Machine/Machine_impact_c_SPA.m4a	0.511	2	44100	Machine
sounds/passerBy/Machine/Machine_machine_loop_SPA.m4a	7.245	1	44100	Machine
sounds/passerBy/Machine/Machine_machine_spawn_SPA.m4a	4.087	1	44100	Machine
sounds/passerBy/PowerUpContainer/PowerUpContainer_alerting_SPA.m4a	7.477	1	44100	PowerUpContainer
sounds/passerBy/PowerUpContainer/PowerUpContainer_death_SPA.m4a	6.060	1	44100	PowerUpContainer
sounds/passerBy/PowerUpContainer/PowerUpContainer_spawn_SPA.m4a	4.760	1	44100	PowerUpContainer
sounds/passerBy/PowerUpContainer/PowerUpContainer_splash_SPA .m4a	2.113	1	44100	PowerUpContainer
sounds/player/heartbeat_a.m4a	0.395	2	44100	
sounds/player/heartbeat_a.mp3	0.348	2	44100	player
sounds/player/heartbeat_b.m4a	0.395	2	44100	
sounds/player/heartbeat_b.mp3	0.325	2	44100	player
sounds/player/heartbeat_c.m4a	0.395	2	44100	
sounds/player/heartbeat_c.mp3	0.325	2	44100	player
sounds/player/heartbeat_d.m4a	0.395	2	44100	
sounds/powerup/fireworks/fireworks_announce.m4a	0.836	2	44100	fireworks
sounds/powerup/fireworks/fireworks_explode_a_SPA.m4a	1.920	1	48000	fireworks
sounds/powerup/fireworks/fireworks_explode_b_SPA.m4a	1.515	1	48000	fireworks
sounds/powerup/fireworks/fireworks_explode_c_SPA.m4a	1.974	1	44100	fireworks
sounds/powerup/fireworks/fireworks_explode_d_SPA.m4a	1.579	1	48000	fireworks
sounds/powerup/fireworks/fireworks_explode_e_SPA.m4a	2.411	1	48000	fireworks
sounds/powerup/fireworks/fireworks_explode_f_SPA.m4a	1.974	1	44100	fireworks
sounds/powerup/fireworks/fireworks_explode_g_SPA.m4a	1.602	1	44100	fireworks
sounds/powerup/fireworks/fireworks_explode_h_SPA.m4a	1.138	1	44100	fireworks
sounds/powerup/fireworks/fireworks_launch.m4a	5.675	2	48000	fireworks
sounds/powerup/minigun/minigun_announce.m4a	0.743	2	44100	minigun
sounds/powerup/minigun/minigun_fire_a.m4a	10.077	2	44100	minigun
sounds/powerup/minigun/minigun_fire_b.m4a	10.031	2	44100	minigun
sounds/powerup/minigun/minigun_launch_a.m4a	0.789	2	44100	minigun
sounds/powerup/minigun/minigun_launch_b.m4a	0.789	2	44100	minigun
sounds/powerup/minigun/minigun_tail_a.m4a	2.508	2	44100	minigun
sounds/powerup/minigun/minigun_tail_b.m4a	2.276	2	44100	minigun
sounds/powerup/tesla_powerup/tesla_announce.m4a	0.906	2	44100	tesla_powerup
sounds/powerup/tesla_powerup/tesla_launch.m4a	2.786	2	44100	tesla_powerup
sounds/powerup/tesla_powerup/tesla_zap_a_SPA.m4a	2.577	2	44100	tesla_powerup
sounds/powerup/tesla_powerup/tesla_zap_b_SPA.m4a	2.577	2	44100	tesla_powerup
sounds/powerup/tesla_powerup/tesla_zap_c_SPA.m4a	2.577	2	44100	tesla_powerup
sounds/powerup/tornado/tornado_announce.m4a	0.813	2	44100	tornado
sounds/powerup/tornado/tornado_launch.m4a	5.712	2	44100	tornado
sounds/powerup/tornado/tornado_wind_a_SPA.m4a	1.643	1	48000	tornado
sounds/powerup/tornado/tornado_wind_b_SPA.m4a	1.813	1	48000	tornado
sounds/powerup/tornado/tornado_wind_c_SPA.m4a	1.963	1	48000	tornado
sounds/revive/revive_no.m4a	4.063	2	44100	revive
sounds/revive/revive_standby.m4a	8.057	2	44100	revive
sounds/revive/revive_yes.m4a	2.322	2	44100	revive
sounds/roulette/tesla/roulette_tesla_SPA.m4a	7.012	1	44100	roulette_tesla,tesla
sounds/tinnitus/tinnitus_and_background.m4a	14.141	2	44100	tinnitus
sounds/_weapons/banjo/weapon_melee_banjo_hit_a.m4a	1.451	2	48000	banjo
sounds/_weapons/banjo/weapon_melee_banjo_hit_b.m4a	1.088	2	48000	banjo
sounds/_weapons/banjo/weapon_melee_banjo_hit_c.m4a	1.429	2	48000	banjo
sounds/_weapons/banjo/weapon_melee_banjo_hit_d.m4a	1.195	2	48000	banjo
sounds/_weapons/banjo/weapon_melee_banjo_miss_a.m4a	1.237	2	48000	banjo
sounds/_weapons/banjo/weapon_melee_banjo_miss_b.m4a	0.747	2	48000	banjo
sounds/_weapons/banjo/weapon_melee_banjo_miss_c.m4a	0.768	2	48000	banjo
sounds/_weapons/banjo/weapon_melee_banjo_miss_d.m4a	1.280	2	48000	banjo
sounds/_weapons/bazooka/weapon_gun_bazooka_empty.m4a	0.627	2	44100	bazooka
sounds/_weapons/bazooka/weapon_gun_bazooka_explosion_a_SPA.m4a	2.601	1	44100	bazooka
sounds/_weapons/bazooka/weapon_gun_bazooka_explosion_b_SPA.m4a	2.090	1	44100	bazooka
sounds/_weapons/bazooka/weapon_gun_bazooka_fire_a.m4a	1.649	2	44100	bazooka
sounds/_weapons/bazooka/weapon_gun_bazooka_fire_b.m4a	1.788	2	44100	bazooka
sounds/_weapons/bazooka/weapon_gun_bazooka_move_a.m4a	5.589	2	48000	bazooka
sounds/_weapons/bazooka/weapon_gun_bazooka_move_b.m4a	6.059	2	48000	bazooka
sounds/_weapons/bazooka/weapon_gun_bazooka_reloadfull.m4a	2.670	2	44100	bazooka
sounds/_weapons/bazooka/weapon_gun_bazooka_voice.m4a	1.068	2	44100	bazooka
sounds/_weapons/claymore/weapon_melee_claymore_hit_a.m4a	1.216	2	48000	claymore
sounds/_weapons/claymore/weapon_melee_claymore_hit_b.m4a	1.408	2	48000	claymore
sounds/_weapons/claymore/weapon_melee_claymore_hit_c.m4a	2.048	2	48000	claymore
sounds/_weapons/claymore/weapon_melee_claymore_miss_a.m4a	2.411	2	48000	claymore
sounds/_weapons/claymore/weapon_melee_claymore_miss_b.m4a	1.429	2	48000	claymore
sounds/_weapons/claymore/weapon_melee_claymore_miss_c.m4a	1.515	2	48000	claymore
sounds/_weapons/golf/weapon_melee_golf_hit_a.m4a	0.488	1	44100	golf
sounds/_weapons/golf/weapon_melee_golf_hit_b.m4a	0.557	1	44100	golf
sounds/_weapons/golf/weapon_melee_golf_hit_c.m4a	0.882	1	44100	golf
sounds/_weapons/golf/weapon_melee_golf_miss_a.m4a	0.580	2	44100	golf
sounds/_weapons/golf/weapon_melee_golf_miss_b.m4a	0.580	2	44100	golf
sounds/_weapons/golf/weapon_melee_golf_miss_c.m4a	0.580	2	44100	golf
sounds/_weapons/grenade/weapon_gun_grenade_empty.m4a	0.464	2	44100	grenade
sounds/_weapons/grenade/weapon_gun_grenade_explosion_a_SPA.m4a	3.669	1	44100	grenade
sounds/_weapons/grenade/weapon_gun_grenade_explosion_b_SPA.m4a	3.878	1	44100	grenade
sounds/_weapons/grenade/weapon_gun_grenade_explosion_c_SPA.m4a	4.156	1	44100	grenade
sounds/_weapons/grenade/weapon_gun_grenade_fire_a.m4a	1.091	2	44100	grenade
sounds/_weapons/grenade/weapon_gun_grenade_fire_b.m4a	1.416	2	44100	grenade
sounds/_weapons/grenade/weapon_gun_grenade_fire_c.m4a	1.022	2	44100	grenade
sounds/_weapons/grenade/weapon_gun_grenade_reloadfull.m4a	4.063	2	44100	grenade
sounds/_weapons/grenade/weapon_gun_grenade_timer_a_SPA.m4a	1.649	2	44100	grenade
sounds/_weapons/grenade/weapon_gun_grenade_timer_b_SPA.m4a	1.649	2	44100	grenade
sounds/_weapons/grenade/weapon_gun_grenade_timer_c_SPA.m4a	1.649	2	44100	grenade
sounds/_weapons/grenade/weapon_gun_grenade_voice.m4a	1.138	2	44100	grenade
sounds/_weapons/hunting/weapon_gun_hunting_deploy.m4a	1.556	2	44100	hunting
sounds/_weapons/hunting/weapon_gun_hunting_empty.m4a	0.395	2	44100	hunting
sounds/_weapons/hunting/weapon_gun_hunting_fire_a.m4a	1.347	2	44100	hunting
sounds/_weapons/hunting/weapon_gun_hunting_fire_b.m4a	1.370	2	44100	hunting
sounds/_weapons/hunting/weapon_gun_hunting_fire_c.m4a	0.882	2	44100	hunting
sounds/_weapons/hunting/weapon_gun_hunting_reloadfull.m4a	2.810	2	44100	hunting
sounds/_weapons/hunting/weapon_gun_hunting_reloadin.m4a	1.022	2	44100	hunting
sounds/_weapons/hunting/weapon_gun_hunting_reloadout.m4a	0.464	2	44100	hunting
sounds/_weapons/hunting/weapon_gun_hunting_voice.m4a	1.184	2	44100	hunting
sounds/_weapons/hunting/weapon_gun_hunting_warning.m4a	0.255	2	44100	hunting
sounds/_weapons/machinegun/weapon_gun_machinegun_conti.m4a	2.453	2	48000	machinegun
sounds/_weapons/machinegun/weapon_gun_machinegun_deploy.m4a	2.368	2	48000	machinegun
sounds/_weapons/machinegun/weapon_gun_machinegun_fire_a.m4a	0.789	2	44100	machinegun
sounds/_weapons/machinegun/weapon_gun_machinegun_reloadfull.m4a	6.229	2	48000	machinegun
sounds/_weapons/machinegun/weapon_gun_machinegun_tail.m4a	2.432	2	48000	machinegun
sounds/_weapons/machinegun/weapon_gun_machinegun_voice.m4a	1.091	2	44100	machinegun
sounds/_weapons/machinegun/weapon_gun_machinegun_warning_b.m4a	0.619	2	48000	machinegun
sounds/_weapons/machinegun/weapon_gun_machinegun_warningloop_d.m4a	0.747	2	48000	machinegun
sounds/_weapons/microsmg/weapon_gun_microsmg_conti.m4a	1.207	2	44100	microsmg
sounds/_weapons/microsmg/weapon_gun_microsmg_deploy.m4a	1.486	2	44100	microsmg
sounds/_weapons/microsmg/weapon_gun_microsmg_empty_a.m4a	0.232	2	44100	microsmg
sounds/_weapons/microsmg/weapon_gun_microsmg_empty_b.m4a	0.232	2	44100	microsmg
sounds/_weapons/microsmg/weapon_gun_microsmg_fire_a.m4a	1.672	2	44100	microsmg
sounds/_weapons/microsmg/weapon_gun_microsmg_fire_b.m4a	1.718	2	44100	microsmg
sounds/_weapons/microsmg/weapon_gun_microsmg_fire_c.m4a	1.625	2	44100	microsmg
sounds/_weapons/microsmg/weapon_gun_microsmg_reloadfull.m4a	4.017	2	44100	microsmg
sounds/_weapons/microsmg/weapon_gun_microsmg_tail_a.m4a	2.252	2	44100	microsmg
sounds/_weapons/microsmg/weapon_gun_microsmg_tail_b.m4a	1.834	2	44100	microsmg
sounds/_weapons/microsmg/weapon_gun_microsmg_voice.m4a	1.533	2	44100	microsmg
sounds/_weapons/microsmg/weapon_gun_microsmg_warning.m4a	0.511	2	44100	microsmg
sounds/_weapons/microsmg/weapon_gun_microsmg_warningloop.m4a	1.207	2	44100	microsmg
sounds/_weapons/pistol/weapon_gun_pistol_deploy.m4a	1.300	2	44100	pistol
sounds/_weapons/pistol/weapon_gun_pistol_empty.m4a	0.488	2	44100	pistol
sounds/_weapons/pistol/weapon_gun_pistol_fire_a.m4a	1.625	2	44100	pistol
sounds/_weapons/pistol/weapon_gun_pistol_fire_b.m4a	1.347	2	44100	pistol
sounds/_weapons/pistol/weapon_gun_pistol_fire_c.m4a	1.022	2	44100	pistol
sounds/_weapons/pistol/weapon_gun_pistol_reloadfull.m4a	2.113	2	44100	pistol
sounds/_weapons/pistol/weapon_gun_pistol_voice.m4a	0.929	2	44100	pistol
sounds/_weapons/pistol/weapon_gun_pistol_warning.m4a	0.232	2	44100	pistol
sounds/_weapons/policeshotgun/weapon_gun_policeshotgun_deploy.m4a	1.695	2	44100	policeshotgun
sounds/_weapons/policeshotgun/weapon_gun_policeshotgun_empty.m4a	0.464	2	44100	policeshotgun
sounds/_weapons/policeshotgun/weapon_gun_policeshotgun_fire_a.m4a	2.995	2	44100	policeshotgun
sounds/_weapons/policeshotgun/weapon_gun_policeshotgun_fire_b.m4a	3.065	2	44100	policeshotgun
sounds/_weapons/policeshotgun/weapon_gun_policeshotgun_fire_c.m4a	2.833	2	44100	policeshotgun
sounds/_weapons/policeshotgun/weapon_gun_policeshotgun_reloadfull.m4a	4.063	2	44100	policeshotgun
sounds/_weapons/policeshotgun/weapon_gun_policeshotgun_voice.m4a	1.231	2	44100	policeshotgun
sounds/_weapons/policeshotgun/weapon_gun_policeshotgun_warning.m4a	0.163	2	44100	policeshotgun
sounds/_weapons/prod/weapon_melee_prod_hit_a.m4a	0.766	2	44100	prod
sounds/_weapons/prod/weapon_melee_prod_hit_b.m4a	0.836	2	44100	prod
sounds/_weapons/prod/weapon_melee_prod_hit_c.m4a	1.416	2	44100	prod
sounds/_weapons/prod/weapon_melee_prod_miss_a.m4a	0.580	2	44100	prod
sounds/_weapons/prod/weapon_melee_prod_miss_b.m4a	0.673	2	44100	prod
sounds/_weapons/prod/weapon_melee_prod_miss_c.m4a	0.766	2	44100	prod
sounds/_weapons/sawnoff/weapon_gun_sawnoff_deploy.m4a	2.067	2	44100	_sawnoff,sawnoff
sounds/_weapons/sawnoff/weapon_gun_sawnoff_empty.m4a	0.580	2	44100	_sawnoff,sawnoff
sounds/_weapons/sawnoff/weapon_gun_sawnoff_fire_a.m4a	2.368	2	44100	_sawnoff,sawnoff
sounds/_weapons/sawnoff/weapon_gun_sawnoff_fire_b.m4a	2.972	2	44100	_sawnoff,sawnoff
sounds/_weapons/sawnoff/weapon_gun_sawnoff_fire_c.m4a	2.833	2	44100	_sawnoff,sawnoff
sounds/_weapons/sawnoff/weapon_gun_sawnoff_reloadfull.m4a	3.065	2	44100	_sawnoff,sawnoff
sounds/_weapons/sawnoff/weapon_gun_sawnoff_voice.m4a	1.324	2	44100	sawnoff
sounds/_weapons/sonic/weapon_gun_sonic_deploy.m4a	2.183	2	44100	sonic
sounds/_weapons/sonic/weapon_gun_sonic_empty_a.m4a	1.858	2	44100	sonic
sounds/_weapons/sonic/weapon_gun_sonic_empty_b.m4a	2.206	2	44100	sonic
sounds/_weapons/sonic/weapon_gun_sonic_fire_a.m4a	2.577	2	44100	sonic
sounds/_weapons/sonic/weapon_gun_sonic_fire_b.m4a	2.972	2	44100	sonic
sounds/_weapons/sonic/weapon_gun_sonic_fire_c.m4a	3.367	2	44100	sonic
sounds/_weapons/sonic/weapon_gun_sonic_reloadfull.m4a	2.670	2	44100	sonic
sounds/_weapons/sonic/weapon_gun_sonic_voice.m4a	1.300	2	44100	sonic
sounds/_weapons/tactical/weapon_gun_tactical_conti.m4a	1.649	2	44100	tactical
sounds/_weapons/tactical/weapon_gun_tactical_deploy.m4a	2.368	2	44100	tactical
sounds/_weapons/tactical/weapon_gun_tactical_empty_a.m4a	0.441	2	44100	tactical
sounds/_weapons/tactical/weapon_gun_tactical_fire_a.m4a	1.533	2	44100	tactical
sounds/_weapons/tactical/weapon_gun_tactical_fire_b.m4a	1.765	2	44100	tactical
sounds/_weapons/tactical/weapon_gun_tactical_fire_c.m4a	1.602	2	44100	tactical
sounds/_weapons/tactical/weapon_gun_tactical_reloadfull.m4a	4.737	2	44100	tactical
sounds/_weapons/tactical/weapon_gun_tactical_tail_a.m4a	2.159	2	44100	tactical
sounds/_weapons/tactical/weapon_gun_tactical_voice.m4a	1.254	2	44100	tactical
sounds/_weapons/tactical/weapon_gun_tactical_warning.m4a	0.163	2	44100	tactical
sounds/_weapons/tactical/weapon_gun_tactical_warningloop.m4a	1.649	2	44100	tactical
sounds/_weapons/wok/weapon_melee_wok_hit_a.m4a	1.022	2	44100	_wok,wok
sounds/_weapons/wok/weapon_melee_wok_hit_b.m4a	1.231	2	44100	_wok,wok
sounds/_weapons/wok/weapon_melee_wok_hit_c.m4a	1.881	2	44100	wok
sounds/_weapons/wok/weapon_melee_wok_miss_a.m4a	0.720	2	44100	_wok,wok
sounds/_weapons/wok/weapon_melee_wok_miss_b.m4a	0.673	2	44100	_wok,wok
sounds/_weapons/wok/weapon_melee_wok_miss_c.m4a	0.720	2	44100	_wok,wok
